osha_company_name|annual_average_employees|total_hours_worked|ein|stripped_company_name|pitchbook_list_company_name|pitchbook_list_website|nrca_list_company_name
||||10 gage ridge roofing|10 Gage Ridge Roofing|10gageridgeroofing.com|
||||101|101 Industries|www.101industries.com|
||||180|180 Contractors|www.180contractors.com|
||||1st 4 roofing|1st 4 Roofing Services|1st4roofing.co.uk|
||||1st choice roofing|1st Choice Roofing Contractors|1stchoiceroofingvt.com|
||||1st roofing|1st Roofing Services|1st4roofingservicesltd.co.uk|
||||1st roofing maple grove|1st Roofing Maple Grove|www.1stroofingmaplegrovemn.com|
||||3 clovers roofing &|3 Clovers Roofing & Construction|3cloversconstruction.com|
||||360 roofing|360 Roofing Services|360roofingservices.com|
||||3mg roofing & solar|3MG Roofing & Solar|www.3mg.com|
||||3mg roofing and solar|3MG Roofing and Solar|3mgroofing.com|
||||4th generation - flat roofing|4th Generation - Flat Roofing Services|unknown|
||||a & l roofing|A & L Roofing Services|alroofingleeds.com|
||||a a abbey roofing & building|A A Abbey Roofing & Building Contractors|aaabbeyroofing.co.uk|
||||a affordable roofing &|A Affordable Roofing & Services|aaffordableroofing.com|
||||a call away roofing|A Call Away Roofing|www.acallawayroofing.com|
||||a j h metal roofing and cladding|A J H Metal Roofing And Cladding|ajhroofingltd.co.uk|
||||a p benson roofing & building|A P Benson Roofing & Building|ap-benson.co.uk|
||||a&a roofing|A&A Roofing Services|aandaroof.com|
||||a&d roofing and building|A&D Roofing And Building Services|aanddroofingservices.co.uk|
||||a&e brothers roofing|A&E Brothers Roofing|www.aebrothersroofing.com|
||||a-1 all american roofing san diego|A-1 All American Roofing San Diego|www.americanroofco.com|
||||a-best roofing|A-best Roofing|abestroofing.com|
||||a-j roofing|A-J Roofing|www.a-jroofing.com|
||||a-l-s roofing|A-L-S Roofing|alsroofing.com|
||||a. 1. alston roofing|A. 1. Alston Roofing Services|a-1-roofing.com|
||||a.baul roofing|A.Baul Roofing Contractors|unknown|
||||a.j. donald roofing|A.J. Donald Roofing Services|donaldroofing.co.uk|
||||a.j.l. roofing|A.J.L. Roofing Contractors|ajlroofing.co.uk|
||||a1 pro services roofing|A1 Pro Services Roofing|www.a1proservicesroofing.com|
||||a1 roofing|A1 Roofing|a1-roofing.net|
||||a1 roofing system|A1 Roofing System|a1roofingsystem.com|
||||aa roofing|Aa Roofing Services|aaabbeyroofing.com|
||||aaa roofing|AAA ROOFING SERVICES|aaaroofingsvc.com|
||||aaaa contractors and roofing|AAAA Contractors and Roofing|aaaacontractors.com|
||||abbey roofing|Abbey Roofing Contractors|abbey-roofing.co.uk|
||||abc roofing|ABC Roofing Co.|www.abcroofingco.com|
||||able roofing|Able Roofing Services|able-roofing.net|
||||able roofing services nottingham|Able Roofing Services Nottingham|roofersnottingham.com|
||||absolute|Absolute Construction|www.absoluteroofingcompany.net|
||||absolute construction & roofing|Absolute Construction & Roofing|absoluteconstructionandroofing.com|
||||absolute professional roofing|ABSOLUTE PROFESSIONAL ROOFING CONTRACTORS|absoluteprc.com|
||||absolute roofing|Absolute Roofing Contractors|absolute-roofing.co.uk|
||||ac roofing|Ac Roofing Services|unknown|
||||academe roofing|Academe Roofing Services|academeroofing.co.uk|
||||academy roofing & sheet metal|Academy Roofing & Sheet Metal Co.|academyroofing.com|
||||acb|ACB Group|www.acbgroup.ie|
||||ace roofing|ACE Roofing Services|ace-roofs.com|
||||acko beach property|Acko Beach Property Services|ldroofingservices.co.uk|
||||acme roofing|ACME Roofing Services|acmeroofingservices.com|
||||acorn roofing supply|Acorn Roofing Supply|55buildingsupply.com|
||||acs roofing|Acs Roofing Services|unknown|
||||action roofing|Action Roofing (Commercial Services)|www.action-roofing.com|
||||active roofing|Active Roofing|www.activeroofing.com|
||||adam vaillancourt roofing|Adam Vaillancourt Roofing|www.adamvroofing.com|
||||adams roofing|Adams Roofing Services|adamsroofing.co.uk|
||||admiral roofing|Admiral Roofing Ltd.|admiralroofing.ca|
||||advanced roofing|Advanced Roofing Services (Northampton)|advancedroofing-northampton.co.uk|
||||advanced specialist roofing|Advanced Specialist Roofing Services|unknown|
||||advocate|Advocate Construction|www.advocateconstruction.com|
||||advosy roofing|Advosy Roofing|www.advosy.com|
||||aegis roofing|Aegis Roofing Contractors|aegisroofingcontractors.co.uk|
||||affordable roofing|Affordable Roofing Contractors|affordableroofing.biz|
||||agape roofing|Agape Roofing|www.agaperoof.com|
||||agu roofing & solar|AGU Roofing & Solar|www.agu-roofing.com|
||||aintree roofing|Aintree Roofing Services|aintreeroofingservices.co.uk|
||||alabama discount roofing|Alabama Discount Roofing|alabamadiscountroofing.com|
||||alamo roofing|Alamo Roofing Contractors|alamoroofingcontractors.com|
||||alan brown roofing|Alan Brown Roofing Services|alanbrownroofing.co.uk|
||||albright roofing|Albright Roofing Contractors|albrightroofing.net|
||||alden roofing|Alden Roofing|www.aldenroofing.com|
||||aldworth roofing contracts|Aldworth Roofing Contracts|aldworthroofingcontracts.co.uk|
||||alf's roofing|Alf's Roofing|alfsroofing.com|
||||alincourt|Alincourt (Roofing)|alincourt.com|
||||all area roofing &|All Area Roofing & Construction|allarearoofingftp.com|
||||all seasons roofing|All Seasons Roofing Services|unknown|
||||all state roofing|All State Roofing|allstateroofing.com|
||||all surface roofing and waterproofing|All Surface Roofing and Waterproofing|www.asr-inc.us|
||||allen & jane roofing|Allen & Jane Roofing Contractors|allenandjane.co.uk|
||||allen roofing & siding|Allen Roofing & Siding|www.aroofing.net|
||||allied commercial roofing|Allied Commercial Roofing Services|www.alliedcommercialroofing.com|
||||allied industrial roofing|Allied Industrial Roofing Services|alliedindustrialroofing.co.uk|
||||allied precision roofing and|Allied Precision Roofing and Contractors|alliedprecisionrc.com|
||||allied roofing|Allied Roofing, Inc.|alliedroofinc.com|
||||allied roofing installation|ALLIED ROOFING INSTALLATION SERVICES|alliedroofingwa.com|
||||alloy roofing|Alloy Roofing|www.alloyroofing.com|
||||allphase restoration|Allphase Restoration|www.allphaserestore.com|
||||allstate roofing|Allstate Roofing|allstateroofingaz.com|
||||alltype roofing|Alltype Roofing Contractors|atrc.co.uk|
||||ally roofing|Ally Roofing Services|allyroofingservices.com|
||||alpha roofing|Alpha Roofing Services|alpharoof.co.uk|
||||alpine roofing|Alpine Roofing (Commercial Services)|www.alpineroofing.net|
||||altec roofing|Altec Roofing|www.altecroofing.com|
||||altitude roofing|Altitude Roofing Services|altituderoofingservicesltd.co.uk|
||||aman roofing|Aman Roofing Services|unknown|
||||amastic roofing, building & scaffolding|Amastic Roofing, Building & Scaffolding Services|amastic.co.uk|
||||amber roofing|Amber Roofing Services|amberroofingscotland.com|
||||ameco solar & roofing|AMECO Solar & Roofing|amecosolar.com|
||||america 1st roofing & builders|America 1st Roofing & Builders|www.america1stroofing.com|
||||america building materials|America Building Materials (Los Angeles)|www.americabm.com|
||||american roofing & metal|American Roofing & Metal Co.|amerroofing.com|
||||americano roofing & gutters|Americano Roofing & Gutters|www.goamericano.com|
||||amf roofing|Amf Roofing Contractors|amfroofingltd.co.uk|
||||amg roofing|Amg Roofing Services|amgroofing.co.uk|
||||ami roofing|ami roofing contractors inc.|amiroofingcontractors.com|
||||amstill roofing|Amstill Roofing|www.amstillroofing.com|
||||anchor roofing|Anchor Roofing Systems|www.anchor-roofs.com|
||||anderson roofing|Anderson Roofing Services|andersonroofingservices.org|
||||apex roofing|Apex Roofing Services|apexroofingservicesltd.co.uk|
||||apex roofing & general|Apex Roofing & General Contractors|apexroofing.biz|
||||apex roofing & restoration|Apex Roofing & Restoration|www.apexroofs.com|
||||apple roofing|Apple Roofing (Roofing Services)|www.appleroof.com|
||||applied roofing|Applied Roofing Services|www.appliedroofingservices.com|
||||approved rubber roofing|Approved Rubber Roofing Contractors|arrcltd.co.uk|
||||ar roofing|Ar Roofing Contractors|arroofingcontractorsltd.business.site|
||||arc roofing & building contractor|Arc Roofing & Building Contractor|isleofwightbuilding-arc.co.uk|
||||arcadia roofing|Arcadia Roofing|www.arcadiaroofing.com|
||||arcadia roofing and siding|Arcadia Roofing and Siding|arcadiaroofinginc.com|
||||armstrong roofing|Armstrong Roofing Services|unknown|
||||arocon roofing &|Arocon Roofing & Construction|www.aroconllc.com|
||||arrow roofing|Arrow Roofing Services|www.arrowroofingservicesllc.com|
||||arrowhead building supply|Arrowhead Building Supply|www.arrowheadbuildingsupply.com|
||||arroyo's roofing|Arroyo's Roofing|arroyosroofingllc.com|
||||ars|ARS Construction|www.arsbuild.com|
||||artigues roofing & restoration|Artigues Roofing & Restoration Services|scroofclaim.com|
||||ashburn pro roofing|Ashburn Pro Roofing|ashburnproroofing.com|
||||ashby's building & roofing|Ashby's Building & Roofing Services|unknown|
||||aspect roofing|Aspect Roofing Services|aspectroofingservicesltd.co.uk|
||||aspire roofing|Aspire Roofing Services|aspireroofingservices.co.uk|
||||assoc roofing contractors of northern calif|ASSOC ROOFING CONTRACTORS OF NORTHERN CALIF|rcacal.com|
||||associated roofing contractors of the bay area counties|ASSOCIATED ROOFING CONTRACTORS OF THE BAY AREA COUNTIES|arcbac.org|
||||associated sheet metal and roofing contractors of connecticut|ASSOCIATED SHEET METAL AND ROOFING CONTRACTORS OF CONNECTICUT|associatedsheetmetal.org|
||||assure-u roofing|ASSURE-U Roofing|assure-u.net|
||||aston roofing|Aston Roofing Services|aston-roofing-services.business.site|
||||atd roofing|ATD Roofing|www.atdroofing.com|
||||atlantic roofing distributors|Atlantic Roofing Distributors|www.atlanticroofingdistributors.com|
||||atlas-apex roofing|Atlas-Apex Roofing|www.atlas-apex.com|
||||attyx|Attyx|www.attyx.com|
||||authentic roofing|Authentic Roofing|authenticroofing.com|
||||av roofing and building|Av Roofing And Building|unknown|
||||avi roofing|AVI Roofing|www.aviroofing.com|
||||avonside|Avonside Group Services|www.avonsidegroup.co.uk|
||||aws roofing|AWS Roofing Services|www.awsroofing.com|
||||ayrshire & glasgow roofing|Ayrshire & Glasgow Roofing|ayrshireroofing.co.uk|
||||az roofing|AZ Roofing|azroofingct.com|
||||b & m roofing of colorado|B & M Roofing of Colorado|www.bmroofing.com|
||||b and m roofing|B and M Roofing Contractors|bmroofingcontractors.com|
||||b c|B C (Roofing Contractors)|bcroofing-newcastle.co.uk|
||||b&l sheet metal & roofing|B&L Sheet Metal & Roofing|www.blsheetmetalroofing.com|
||||b&m roofing contractor|B&M Roofing Contractor|unknown|
||||bailey roofing|Bailey Roofing Contractors|baileyroofing.com|
||||bailey roofing & property|Bailey Roofing & Property Services|unknown|
||||baker roofing|Baker Roofing|www.bakerroofing.com|
||||baley roofing|Baley Roofing Contractors|roofingcontractorsseattle.com|
||||bar-b roofing|Bar-B Roofing|barbroofing.com|
||||bartlett roofing|Bartlett Roofing|www.bartlettroofs.com|
||||bath roofing|Bath Roofing Contractors|bathroofingcontractorsltd.co.uk|
||||batterbee roofing|Batterbee Roofing|batterbeeroofing.com|
||||bayside siding & roofing contractor|Bayside Siding & Roofing Contractor|baysidesidingnroofing.com|
||||bdc roof|BDC Roof|www.bdclongislandroofing.com|
||||beachcomber tours|Beachcomber Tours Limited|beachcombertours.uk|
||||beacon|Beacon (Interior Products Business)|unknown|
||||beacon roofing|Beacon Roofing|www.beaconroofing.co.uk|
||||beacon roofing supply|Beacon Roofing Supply|www.becn.com|
||||belcher contractors & roofing|Belcher Contractors & Roofing|www.belcherroofinginc.com|
||||beldon roofing & remodeling|Beldon Roofing & Remodeling|www.beldon.com|
||||best choice roofing & home improvement|Best Choice Roofing & Home Improvement|www.bestchoiceroofing.com|
||||best hands roofing contractors of colorado springs|Best Hands Roofing Contractors of Colorado Springs|besthandsroofingcoloradosprings.com|
||||best roofing|Best Roofing|www.bestroofing.net|
||||bh roofing|BH Roofing (Other Commercial Services)|www.bhroofingsa.com|
||||big rapids roofing|Big Rapids Roofing|bigrapidsroofing.net|
||||bigfoot roofing &|Bigfoot Roofing & Construction|www.bigfootroofing.com|
||||bill shields roofing|Bill Shields Roofing|billshieldsroofing.com|
||||birmingham roofing|Birmingham Roofing Contractors|birmingham-roofing.net|
||||blackhawk roofing|Blackhawk Roofing Services|black-hawkroofing.co.uk|
||||blake roofing|Blake Roofing Services|unknown|
||||blenheim roofing|Blenheim Roofing Services|blenheimroofing.co.uk|
||||bliss chimney sweeps|Bliss Chimney Sweeps|chimneysweepsurrey.co.uk|
||||blue angel roofing & general|Blue Angel Roofing & General Contractors|blueangelroofinggc.com|
||||blue ribbon roofing|Blue Ribbon Roofing ( Other Commercial Services)|www.blueribbonroofingnc.com|
||||bluefern building and design consultancy|Bluefern Building And Design Consultancy|tgriffiths-roofing.co.uk|
||||bmi|BMI Group (Other Commercial Products)|www.bmigroup.com|
||||bms roofing|Bms Roofing Services|unknown|
||||bob jones roofing|Bob Jones Roofing Contractors|bobjonesroofing.co.uk|
||||bold north roofing and contracting|Bold North Roofing and Contracting|boldnorthroofing.com|
||||bolton roofing|Bolton Roofing Contractors|boltonroofing.co.uk|
||||bone dry roofing|Bone Dry Roofing|bonedry.com|
||||boral roofing, a westlake|Boral Roofing, a Westlake Company|boralroof.com|
||||bowller|Bowller Group|bowllersolar.co.uk|
||||bpr roofing|Bpr Roofing Services|bprroofing.co.uk|
||||bps roofing|Bps Roofing Services|bpsroofing.com|
||||bracknell roofing|Bracknell Roofing|www.bracknellroofing.com|
||||brads roofing|Brads Roofing ()|sttammanyroofer.net|
||||brandon j roofing|Brandon J Roofing|www.brandonjroofing.com|
||||brattleboro roofing & sheet metal|BRATTLEBORO ROOFING & SHEET METAL SERVICES|brsmservices.com|
||||bravo's roofing|Bravo's Roofing|bravosroof.com|
||||brazen roofing|Brazen Roofing|brazenroofing.com|
||||brd roofing|Brd Roofing Services|brdroofingservices.co.uk|
||||breakers roofing and building|Breakers Roofing And Building Contractors|breakersroofingandbuilding.co.uk|
||||bri-den roofing|Bri-Den Roofing|www.bridenroofing.com|
||||bridgewater roofing|Bridgewater Roofing Contractors|bridgewaterroofing.net|
||||bridgewood roofing & general|Bridgewood Roofing & General Contractors|bridgewoodroofing.com|
||||briggs roofing|Briggs Roofing Services|rooferinleeds.co.uk|
||||broomfield roofing|Broomfield Roofing Services|unknown|
||||brothers|Brothers Services|www.brothersservices.com|
||||broward roofing supply of hallandale|Broward Roofing Supply of Hallandale|www.browardroofingsupply.com|
||||brown roofing|Brown Roofing Contractors|brown-roofing.co.uk|
||||brown's roofing|Brown's Roofing|brownsroofingla.com|
||||brunwin professional roofing|Brunwin Professional Roofing Services|brunwinroofing.co.uk|
||||bsw roofing|BSW Roofing Contractors|bswroofing.com|
||||bt roofing|Bt Roofing Services|btroofingservices.co.uk|
||||bulldog roofing|Bulldog Roofing|www.bulldog-roof.com|
||||bumble roofing|Bumble Roofing|www.bumbleroofing.com|
||||burgin roofing|Burgin Roofing Services|burginroofing.com|
||||burke|Burke Industries|www.burkeind.com|
||||burns & scalo|Burns & Scalo|www.burns-scalo.com|
||||bury roofing|Bury Roofing Services|bury-roofing.co.uk|
||||byford roofing|Byford Roofing Services|byfordroofing.com|
||||byrne roofing|Byrne Roofing Services|unknown|
||||c|C|F Roofing|
||||c hynes roofing|C Hynes Roofing Services|chynesroofing.co.uk|
||||c j roofing|C J Roofing Services|roofingcountydurham.co.uk|
||||c s roofing|C S Roofing Contractors|roofersineastbourne.com|
||||c&j harrison roofing|C&J Harrison Roofing Services|candjharrisonroofingservices.co.uk|
||||c. j. s. roofing|C. J. S. Roofing Contractors|cjsroofing.co.uk|
||||c.h.i. roofing|C.H.I. Roofing|731roof.com|
||||ca|CA Group (Building Products)|www.cagroup.co.uk|
||||caden roofing|Caden Roofing Services|cadenroofing.com|
||||cal's roofing|Cal's Roofing|calsroofing.com|
||||cambie roofing|Cambie Roofing Contractors|cambieroofing.com|
||||cambridge wilson &|Cambridge Wilson & Co.|www.cwcroofing.com|
||||camp facility|Camp Facility Services|www.campfs.com|
||||campany roofing|Campany Roofing|campanyroofing.com|
||||campbell roofing materials|campbell roofing materials co|campbellroofingco.com|
||||cannon roofing|Cannon Roofing|www.cannonroofing.com|
||||canopy home exteriors|Canopy Home Exteriors|canopyhomeexteriors.com|
||||canpro roofing|CanPro Roofing Partners|www.canproroofing.com|
||||capital roofing|Capital Roofing Contractors|capitalroofingcontractors.com|
||||capital roofing & building|Capital Roofing & Building Services|capitalroofs.co.uk|
||||capital roofing services edinburgh|Capital Roofing Services Edinburgh|capitalroofingservicesedinburgh.co.uk|
||||cardinal roofing and restoration|Cardinal Roofing and Restoration|www.cardinal-roof.com|
||||carmen roofing|Carmen Roofing Services|www.carmenroofing.com|
||||carpenter's roofing & sheet metal|Carpenter's Roofing & Sheet Metal|www.carpentersroofing.com|
||||carrillo roofing|CARRILLO ROOFING SERVICES|carrilloroofingswf.com|
||||carroll & sons roofing|Carroll & Sons Roofing|www.carrollsons.com|
||||carter roofing|Carter Roofing Services|carter-roofing.co.uk|
||||carvil jones roofing|Carvil Jones Roofing Contractors|southcheshireroofing.co.uk|
||||castile roofing|Castile Roofing|www.castileroofing.com|
||||castle damp-proofing|Castle Damp-Proofing|castledampproofing.co.uk|
||||cater|Cater (Roofing Contractors)|caterroofing.co.uk|
||||cb roofing|Cb Roofing Services|cbroofingsalisbury.co.uk|
||||ccr roofing|CCR Roofing Services|ccrroofingkc.com|
||||cedur|CeDUR|www.cedur-roofing.squarespace.com|
||||centennial roofing|Centennial Roofing (Other Commercial Services)|www.centennialroofllc.com|
||||central|CENTRAL|Roofing|
||||central roofing|Central Roofing|www.centralroofing.co.uk|
||||central roofing illinois|Central Roofing Illinois|www.centralroofingllc.net|
||||centre point roofing|Centre Point Roofing Services|centrepointroofing.co.uk|
||||certainteed|CertainTeed|www.certainteed.com|
||||certified roofing general|Certified Roofing General Contractors|certifiedroofco.com|
||||cfs roofing|CFS Roofing Services|www.cfsroofing.com|
||||chamberlin roofing & waterproofing|Chamberlin Roofing & Waterproofing|www.chamberlinltd.com|
||||chattanooga roofing|Chattanooga Roofing Contractors|chattanoogacontractorsgroup.com|
||||childers roofing & sheetmetal|Childers Roofing & Sheetmetal|www.childersroofing.net|
||||choufani & bailey roofing & restoration|Choufani & Bailey Roofing & Restoration|www.choufaniandbailey.com|
||||chris andersen roofing and erecting|Chris Andersen Roofing and Erecting|www.chrisandersenroofing.com|
||||christianson roofing|Christianson Roofing|www.christiansonroofing.com|
||||cincinnati roofing contractor|Cincinnati Roofing Contractor|cincinnati-roofing-contractor.com|
||||circle l roofing & general|Circle L Roofing & General Contractors|circlelroofingtx.com|
||||citadel roofing & solar|Citadel Roofing & Solar|www.citadelrs.com|
||||citrus roofing|Citrus Roofing Contractors|citrusroofing.com|
||||city roofing and asphalt|City Roofing And Asphalt Services|cityroofing.eu|
||||cj roofing|CJ Roofing|www.cjroofing.com|
||||cj's roofing|Cj's Roofing|cjsroofingandbuilding.co.uk|
||||cladding & roofing|Cladding & Roofing Contractors|claddingandroofing.com.au|
||||clark's quality roofing|Clark's Quality Roofing|www.clarkroof.com|
||||clarke building and roofing|Clarke Building And Roofing Services|clarkebuildingandroofingservices.co.uk|
||||classic roofing and|Classic Roofing and Construction|www.classicroofreplacement.com|
||||clay roofing|Clay Roofing Services|clayroofingservices.co.uk|
||||clayton roofing contractor|Clayton Roofing Contractor|claytonroofingcontractor.com|
||||clc commercial roofing|CLC Commercial Roofing|www.clccommercialroofing.com|
||||clover roofing|Clover Roofing Services|cloverroofing.co.uk|
||||cls roofing specialists|Cls Roofing Specialists|clsroofingspecialists.co.uk|
||||clydevalley roofing & cladding|Clydevalley Roofing & Cladding Services|unknown|
||||cmac roofing|CMAC Roofing|cmacroofing.com|
||||cmh leadwork and roofing|Cmh Leadwork And Roofing Services|cmhleadwork.co.uk|
||||cmr construction & roofing|CMR Construction & Roofing|www.cmrconstruction.com|
||||cny roofing|CNY Roofing|www.cnyroofingco.com|
||||coast to coast roofing & building|Coast To Coast Roofing & Building Contractors|c2croofs.com|
||||coastal construction roofing & restoration|Coastal Construction Roofing & Restoration|www.ccrrllc.com|
||||coastal roofing|Coastal Roofing Services|coastalrga.com|
||||cobalt scaffolding|Cobalt Scaffolding|ems-scaffoldingandroofing.co.uk|
||||cole's gutters & roofing|Cole's Gutters & Roofing Services|colesguttersandroofingservices.uk|
||||collis roofing|Collis Roofing|www.collisroofing.com|
||||columbia roofing and sheet metal|Columbia Roofing And Sheet Metal|reroofnow.com|
||||commercial roofing|Commercial Roofing Services|aquagard-roofing.co.uk|
||||commercial roofing & waterproofing hawaii|commercial roofing & waterproofing hawaii|commercialroofinginc.com|
||||commercial roofing contractor|Commercial Roofing Contractor|www.yourcommercialroofer.com|
||||commercial roofing contractors / crc home|Commercial Roofing Contractors / Crc Home Services|410roofthis.com|
||||complete roofing|Complete Roofing Services (Scotland)|crs-roofing-fife.com|
||||complete roofing & building|Complete Roofing & Building Services|unknown|
||||congoleum|Congoleum|www.congoleum.com|
||||conner roofing|Conner Roofing|connerroofing.com|
||||contractor bg|Contractor BG|www.contractorbg.com|
||||contractors roofing & supply|Contractors Roofing & Supply Co.|contractorsroofing.com|
||||contractors siding, windows & roofing supply|Contractors Siding, Windows & Roofing Supply|www.contractorssupply.net|
||||coopers roofing|Coopers Roofing Contractors|coopersroofing.co.uk|
||||core roofing|Core Roofing Systems|www.coreroofing.net|
||||corey|Corey Construction|www.coreyconstruction.net|
||||cornerstone|Cornerstone Construction|www.cornerstoneroofingandsolar.com|
||||cotton|Cotton Holdings|www.cottonholdings.com|
||||cousins building and roofing|Cousins Building And Roofing Services|cousinsbuilders.co.uk|
||||coventry & warwickshire building & roofing|Coventry & Warwickshire Building & Roofing Services|apmroofingltd.co.uk|
||||cr roofing|Cr Roofing Services|crroofingservicesltd.com|
||||cra roofing specialist|Cra Roofing Specialist|unknown|
||||craftsman roofing|Craftsman Roofing Services|www.craftsmanroofingva.com|
||||cram roofing|Cram Roofing|www.cramroofing.com|
||||crest brick slate and tile|Crest Brick Slate and Tile|www.crest-bst.co.uk|
||||cresta roofing|Cresta Roofing Services|crestaroofingservices.co.uk|
||||crh insulation europe|CRH Insulation Europe|unknown|
||||crm roofing|CRM Roofing|www.crmroofing.com|
||||crown industrial roofing|Crown Industrial Roofing|www.crownroofing.ca|
||||crowther roofing & sheet metal|Crowther Roofing & Sheet Metal|www.crowtherroofing.com|
||||crowther roofing and cooling|Crowther Roofing And Cooling|www.crowther.net|
||||custom roofing|Custom Roofing|unknown|
||||cw roofing and building|Cw Roofing And Building Services|doncasterroofers.co.uk|
||||d & g roofing|D & G Roofing Contractors|www.dgroofingcontractorsal.com|
||||d & s roofing single ply|D & S Roofing Single Ply Contractors|dsroofingtadley.co.uk|
||||d j f roofing|D J F Roofing Services|fands-roofing.co.uk|
||||d j roofing|D J Roofing Contractors|djroofingcontractors.uksite.biz|
||||d m b flat roofing & building|D M B Flat Roofing & Building Services|dmbflatroofing.yolasite.com|
||||d m roofing|D M Roofing Services|dmroofingservices.com|
||||d p mcnair roofing|D P Mcnair Roofing Contractors|dpmcnair.co.uk|
||||d sewell roofing contractor|D Sewell Roofing Contractor|dsewellroofing.co.uk|
||||d townsend roofing|D Townsend Roofing Services|dtownsendroofing.co.uk|
||||d walker roofing specialist|D Walker Roofing Specialist|dwalkerroofing.co.uk|
||||d'agostino roofing|D'Agostino Roofing|dagostinoroofing.com|
||||d. kerrigan slaters & roofing|D. Kerrigan Slaters & Roofing Contractors|unknown|
||||d.a. bridger asphalte roofing|D.A. Bridger Asphalte Roofing Contractors|unknown|
||||d.garrison roofing|D.Garrison Roofing|www.dgarrisonroofing.com|
||||d.j. roofing supply|D.J. Roofing Supply|djroofingsupply.com|
||||d.j. scriven roofing|D.J. Scriven Roofing Contractors|djscrivenroofing.co.uk|
||||d.m. roofing &|D.M. Roofing & Construction Services|dmroofing.ca|
||||d.p. roofing|D.P. Roofing|dproofing.co.uk|
||||dalco contractors & roofing|Dalco Contractors & Roofing|BBB A+|
||||dale roberts|Dale Roberts Construction|dalerobertsconstruction.co.uk|
||||dalkeith roofing|Dalkeith Roofing Services|dalkeithroofingservices.com|
||||dallas commercial roofs|Dallas Commercial Roofs|www.dallascommercialroofs.com|
||||damage and recovery|Damage and Recovery Solutions|www.damagerecoverysolutions.com|
||||dan's roofing|Dan's Roofing|dansroofingincorporated.com|
||||darlington roofing|Darlington Roofing Contractors|darlingtonroofingcontractors.co.uk|
||||davco roofing & sheet metal|Davco Roofing & Sheet Metal|www.davcoroofing.com|
||||david lundberg building & roofing contractor|David Lundberg Building & Roofing Contractor|www.lundbergroofing.com|
||||davis roofing|Davis Roofing Services|davisroofingservices.co.uk|
||||davis roofing and building|Davis Roofing And Building Services|davisroofing.co.uk|
||||dayton roofing & renovation|Dayton Roofing & Renovation|www.daytoncontractingaustin.com|
||||dbs roofing and general|DBS ROOFING AND GENERAL CONTRACTORS|dbsroofingcontractors.com|
||||decra metal roofing|DECRA Metal Roofing|www.decra.com|
||||deer park roofing|Deer Park Roofing|www.deerparkroofing.com|
||||delta roofing|Delta Roofing Services|deltaroofing.co.uk|
||||deluxe roofing contractors & suppliers|Deluxe Roofing Contractors & Suppliers|deluxeroofing.co.uk|
||||derek lyall home improvements|Derek Lyall Home Improvements|unknown|
||||design roofing & general|Design Roofing & General Contractors|design-roofing.com|
||||designer roofing|Designer Roofing|Roofing Contractor|
||||devereux roofing|Devereux Roofing Services|devereuxroofing.com|
||||dh roofing|Dh Roofing Services|dhroofingservices.co.uk|
||||diamond everley roofing|Diamond Everley Roofing Contractors|diamondeverley.com|
||||diamond roofing & guttering|Diamond Roofing & Guttering Services|unknown|
||||digiorgi roofing & siding|DiGiorgi Roofing & Siding|www.digiorgiinc.com|
||||direct roofing|Direct Roofing Services|directroofing.co.uk|
||||direct roofing & landscaping|Direct Roofing & Landscaping Contractors|unknown|
||||diversified roofing|Diversified Roofing|www.diversifiedroofing.com|
||||djs roofing|Djs Roofing Services|djsroofingservices.com|
||||dodds roofing|Dodds Roofing Services|www.doddsroofing.co.uk|
||||dominion siding|Dominion Siding|dominionx.com|
||||donaldson door|Donaldson Door Systems|www.donaldsondoorsystems.co.uk|
||||done right roofing|Done Right Roofing Services|donerightroofing.co.uk|
||||doug oliver development residential & commercial roofing|Doug Oliver Development Residential & Commercial Roofing Contractors|dougoliverdevelopment.com|
||||dr. roofing|DR. Roofing|oklahomaroofingcontractor.net|
||||dri-con roofing|Dri-Con Roofing|www.driconroofing.com|
||||drohan builders|Drohan Builders|drohanbuildersltd.co.uk|
||||dry-line roofing|Dry-Line Roofing|drylineroofingsolutions.co.uk|
||||dry-tech commercial roofing|Dry-Tech Commercial Roofing Services|www.drytechroofing.com|
||||drytech roofing|Drytech Roofing|www.drytechroofingcompany.com|
||||dss roofing|DSS Roofing|Contractor in Buffalo|
||||dsy roofing & building|Dsy Roofing & Building Contractors|dsycontractors.net|
||||ducks roofing|Ducks Roofing|www.ducksroofing.com|
||||dunne roofing|Dunne Roofing Services|dunneroofingservices.com|
||||dura|Dura Group (Roofing services)|www.duragroupin.com|
||||duro-last|Duro-last|www.duro-last.com|
||||dvc commercial roofing|DVC Commercial Roofing Contractors|www.dvcroofing.net|
||||dws roofing and waterproofing|DWS Roofing and Waterproofing Services|dwsroofing.com|
||||dynamic|Dynamic National|www.dynamicnational.com|
||||dynamic roofing concepts|DYNAMIC ROOFING CONCEPTS|dynamicroofingconcepts.com|
||||e spoors roofing & cladding|E Spoors Roofing & Cladding Services|elliottspoors.co.uk|
||||e&e roofing|E&E Roofing Services|eeroofingservices.com|
||||e-z general & roofing|E-Z General & Roofing Contractors|ezgeneral.com|
||||e. ross & sons|E. Ross & Sons (Roofing Contractors)|ersroofing.com|
||||e.d. roofing|E.D. Roofing|edroofing.com|
||||eagle one roofing|Eagle One Roofing Contractors|eagleoneroofing.com|
||||earl w johnston roofing|Earl W Johnston Roofing|www.johnstonroofing.com|
||||east coast roofing|East Coast Roofing Contractors|eastcoastroofing.co.uk|
||||east sussex roofing|East Sussex Roofing Contractors|unknown|
||||eberhard|Eberhard|www.eberhardco.com|
||||ec roofing & home services direct|EC Roofing & Home Services Direct|ecroofinginc.com|
||||ed's loft conversions|Ed's Loft Conversions|edsloftconversions.co.uk|
||||eden queens roofing|Eden Queens Roofing Contractors|roofingcontractorsqueens.com|
||||eden roofing & general|Eden Roofing & General Contractors|advanceroofingservice.com|
||||edilians|Edilians|www.edilians.com|
||||eeic realty|EEIC Realty (2,922 Square Foot Industrial Property in Stratford, Connecticut)|unknown|
||||eg mt roofing|Eg Mt Roofing Services|unknown|
||||eidsvoll tak og håndverkstjenester|Eidsvoll Tak og Håndverkstjenester|www.eidsvolltak.no|
||||eig building and roofing|Eig Building And Roofing Contractors|eigltd.co.uk|
||||ejb roofing|Ejb Roofing Contractors|ejbroofingcontractors.co.uk|
||||eldridge|Eldridge (Construction and Engineering)|www.theeldridgeway.com|
||||elite roofing & cladding|Elite Roofing & Cladding Services|derbyshire-roofer.co.uk|
||||elite roofing & remodel|Elite Roofing & Remodel|www.eliteroofingnw.com|
||||elmer's roofing|Elmer's Roofing|elmersroofing.com|
||||elo roofing|Elo Roofing|www.eloroofing.com|
||||empire roofing|Empire Roofing Services (Oxford)|empire-rs.co.uk|
||||empire roofing claim|Empire Roofing Claim Services|empirercs.com|
||||energy advantage roofing and solar|Energy Advantage Roofing and Solar|yourenergyadvantage.com|
||||enviro tech roofing|Enviro Tech Roofing Services|evtroof.com|
||||enviroshake|Enviroshake|www.enviroshake.com|
||||enviroshield roofing|EnviroShield Roofing Services|enviroshieldroofing.com|
||||envision roofing|Envision Roofing Services|unknown|
||||erie home|Erie Home|www.eriehome.com|
||||eskola|Eskola|www.eskola.com|
||||essence roofing and building|Essence Roofing And Building Services|essencebuilding.co.uk|
||||essex roofing & building|Essex Roofing & Building Services|essex-roofing-services.co.uk|
||||essex roofing & solar|Essex Roofing & Solar|unknown|
||||eustis roofing|Eustis Roofing|www.eustisroofing.com|
||||evans roofing|Evans Roofing Company|www.evansroofingcompany.com|
||||everdry roofing|Everdry Roofing Services|everdryroofingservices.co.uk|
||||evergreen roofing|Evergreen Roofing (Services Non-Financial)|www.evergreenroofingcharlotte.com|
||||excalibur roofing|Excalibur Roofing Services|excaliburroofs.com|
||||excel roofing|EXCEL ROOFING SERVICES|excelroofingservices.co.uk|
||||expert roofing|Expert Roofing Services|expertroofingeugene.com|
||||exterior solutions by craig's roofing|Exterior Solutions by Craig's Roofing|exteriorsolutionscri.com|
||||f m roofing|F M Roofing Services|unknown|
||||f p roofing|F P Roofing Services|unknown|
||||f-wave|F-Wave|www.fwaveroofing.com|
||||fargo roofing & siding|Fargo Roofing & Siding|www.fargoroofing.com|
||||farrell roofing|Farrell Roofing|farrellroofing.com|
||||fcr|FCR Services LLC (DBA FairClaims Roofing & Construction)|fairclaimsroofingcompany.com|
||||feazel roofing|Feazel Roofing|www.feazelinc.com|
||||felt roofing contractors bristol|Felt Roofing Contractors Bristol|frcroofing.co.uk|
||||ferris roofing|Ferris Roofing Contractors|ferrisroofing.com|
||||finley's roofing|Finley's Roofing|www.finleysroofing.com|
||||firefighter roofing|Firefighter Roofing|www.firefighterroofing.com|
||||first rate roofing|First Rate Roofing Services|firstrateroofingservices.com|
||||fischer roofing|Fischer Roofing Contractors|fischerroofing.com|
||||five star roofing|five star roofing contractors|five-star-roofing-contractors.business.site|
||||five star roofing consultants &|Five Star Roofing Consultants & Services|fivestarserviceswny.com|
||||fk facades|Fk Facades|fkgroup.co.uk|
||||fleet roofing and scaffolding|Fleet Roofing And Scaffolding Services|unknown|
||||flynn group of companies|Flynn Group of Companies|www.flynncompanies.com|
||||forbes roofing|Forbes Roofing Services|unknown|
||||forbister roofing inc. roofing siding windows|Forbister Roofing Inc. Roofing Siding Windows|forbisterroofinginc.com|
||||fort wayne roofing|Fort Wayne Roofing|unknown|
||||fox roofing|Fox Roofing Services|unknown|
||||fox roofing & general|FOX Roofing & General Contractors|foxroofing.co|
||||foxcroft roofing|Foxcroft Roofing Services|foxcroftroofingservicesltd.com|
||||francisco's roofing|Francisco's Roofing|franciscosroofinginc.com|
||||front range roofing|Front Range Roofing Systems|www.frontrangeroofing.com|
||||fry's roofing|Fry's Roofing|frysroofingkc.com|
||||ft roofing|Ft Roofing Services|ftroofingservicesltd.co.uk|
||||full service roofing contractor, cs roofing|Full Service Roofing Contractor, Cs Roofing Company|csroofingcompany.com|
||||funderburk roofing|Funderburk Roofing|funderburkroofing.com|
||||g & l roofing|G & L Roofing Investments|gandlroofing.co.uk|
||||g and l roofing contractors and son|G And L Roofing Contractors And Son|unknown|
||||g lee roofing|G Lee Roofing Services|unknown|
||||g.s. moore roofing|G.S. Moore Roofing Contractors|gsmooreroofing.co.uk|
||||g.s.r. roofing|G.S.R. Roofing|www.gsrroofingsunnyvale.com|
||||galaxy roofing|Galaxy Roofing Services|galaxyroofingservices.co.uk|
||||galloway roofing|Galloway Roofing|www.gallowayroofing.com|
||||gannon wholesale|Gannon Wholesale|www.grs-inc.com|
||||garabar, inc: roofing contractor|Garabar, Inc: Roofing Contractor|garabar.com|
||||garon-teed roofing|Garon-teed Roofing|manchesterroofingcontractor.com|
||||garrison roofing|Garrison Roofing Contractors|garrisonroofing.co.uk|
||||gb roofing|Gb Roofing Services|gb-roofing-services.business.site|
||||gc restoration|GC Restoration|www.gc-restoration.com|
||||gc roofing|Gc Roofing Contractors|gcroofingcontractors.co.uk|
||||gd roofing|Gd Roofing Services|gdroofing.com|
||||gdi roofing support|Gdi Roofing Support Services|unknown|
||||generalroofing|GeneralRoofing|unknown|
||||gk roofing|Gk Roofing Services|swindon-roofing.com|
||||global roofing|Global Roofing Group (Acquired)|unknown|
||||gold medal roofing|Gold Medal Roofing|www.goldmedalroofing.com|
||||good contractors roofing and restoration|Good Contractors Roofing and Restoration|goodcontractorsroofing.com|
||||gorman roofing|Gorman Roofing Services|www.gormanroofing.com|
||||goto roofing|Goto Roofing Services|unknown|
||||gradient roofing|Gradient Roofing Services|gradient-roofing-services-limited.business.site|
||||graham barker roofing|GRAHAM BARKER ROOFING SERVICES|grahambarkerroofingservices.co.uk|
||||great gen & roofing contractor|Great Gen & Roofing Contractor|www.roofingcontractorbronx.com|
||||great roofing & restoration|Great Roofing & Restoration|www.greatroofing.com|
||||greenough & sons roofing|Greenough & Sons Roofing Contractors|greenoughroofing.com|
||||greyhawk roofing|Greyhawk Roofing|www.greyhawkroofing.com|
||||grove roofing|Grove Roofing Contractors|groveroofing.co.uk|
||||gt roofing|Gt Roofing Services|gtroofing.co.uk|
||||guardian roofing|Guardian Roofing Systems|www.guardianroofingla.com|
||||gulf-tex roofing &|Gulf-Tex Roofing & Services|gulftexroofs.com|
||||gustafson roofing|Gustafson Roofing|www.giroofers.com|
||||guy brothers roofing|Guy Brothers Roofing|guybrothersroofing.com|
||||h & s roofing|H & S Roofing Contractors|globalroofingcontractors.com|
||||h&h local roofing|H&H Local Roofing Services|hhlocalroofing.co.uk|
||||h&k roofing|H&K Roofing Contractors|h-k-roofing.co.uk|
||||h&s roofing|H&S Roofing Company|hsroofing.com|
||||h. recinos roofing|H. Recinos Roofing Contractors|recinosroofingnj.com|
||||h.p. roofing|H.P. Roofing|hproofing.ie|
||||hamilton roofing|Hamilton Roofing|www.hamiltonroofinginc.com|
||||hammersmith|Hammersmith Management|www.ehammersmith.com|
||||hammertime|Hammertime Contractors|www.hammertimecontractors.com|
||||hamptons roofing contractor|Hamptons Roofing Contractor|hamptonsroofingcontractor.com|
||||hancock claims consultants|Hancock Claims Consultants|www.hancockclaims.com|
||||handyman roofing|Handyman Roofing|handymanroofing.com|
||||harmony roofing|Harmony Roofing Services|harmonyroofing.co.uk|
||||harrison's roofing|Harrison's Roofing|harrisonsroofing.com|
||||hartsfield roofing &|Hartsfield Roofing & Construction|hartsfieldroofing.com|
||||harwood roofing|Harwood Roofing Contractors|harwoodroofing.co.uk|
||||haus roofing and|Haus Roofing And Construction Services|hausroofing.com|
||||hayden roofing|Hayden Roofing Contractors|haydenroofingcontractorsltd.com|
||||heidler roofing|Heidler Roofing Services|heidlerroofing.com|
||||helix roofing|Helix Roofing Contractors Holdings|unknown|
||||heritage roofing|Heritage Roofing.|heritageroofingco.com|
||||heritage roofing midlands|Heritage Roofing Midlands|heritageroofing-building.co.uk|
||||herman's supply|Herman's Supply|hermanssupply.ca|
||||hernandez services roofing|Hernandez Services Roofing|www.roofhs.com|
||||hero roofing|Hero Roofing|www.yourroofhero.com|
||||herts beds & bucks roofing|Herts Beds & Bucks Roofing Services|bucksroofingservices.co.uk|
||||herts roofing|Herts Roofing Contractors|hertsroofingltd.com|
||||hf contractor|Hf Contractor|wwww.hfroofingcontractors.com|
||||hi-tech roofing & sheet metal|Hi-Tech Roofing & Sheet Metal|www.hi-techroofing.com|
||||high point roofing & remodeling|High Point Roofing & Remodeling|www.hproofs.com|
||||highland commercial roofing|Highland Commercial Roofing|www.highlandroof.com|
||||hjr roofing|Hjr Roofing Services|unknown|
||||holland roofing|Holland Roofing|hollandroofing.com|
||||holtzlander roofing and|Holtzlander Roofing and Services|holtzlanderroofing.com|
||||home pro roofing|Home Pro Roofing|homeproroofing.biz|
||||honest abe roofing|Honest Abe Roofing|honestaberoofing.com|
||||hopkins custom roofing|Hopkins Custom Roofing|hopkinscustomroofing.com|
||||horvath roofing|Horvath Roofing|horvathroofinginc.com|
||||howell roofing|Howell Roofing Services|howellrs.com|
||||hrs|Hrs (Roofing Services)|unknown|
||||hulsey environmental|Hulsey Environmental Services|www.hulseyenvironmental.com|
||||hunt roofing and property|Hunt Roofing And Property Services|huntrps.com|
||||i c roofing|I C Roofing Services|icroofingservices.co.uk|
||||i h roofing|I H Roofing Services|ihroofing.co.uk|
||||i-57 roofing|I-57 Roofing|i57roof.com|
||||i. higginson and sons roofing and building|I. Higginson And Sons Roofing And Building Contractors|unknown|
||||i. reid & sons|I. Reid & Sons (Roofing Contractors)|ianreidandsons.com|
||||i.a.n. roofing|I.A.N. Roofing|unknown|
||||ies roofing|IES Roofing Services|iesroofing.com|
||||imperial roofing contractor|Imperial Roofing Contractor|imperialroofingcontractor.com|
||||impington roofing services ltd cambridge|Impington Roofing Services Ltd Cambridge|impington-roofing.co.uk|
||||independent roofing contractor|Independent Roofing Contractor|independentroofingmt.com|
||||infinity roofing|Infinity Roofing Contractors|myinfinityroof.com|
||||infinity roofing and siding|Infinity Roofing and Siding|www.infinityroofer.com|
||||inman roofing|Inman Roofing Services|inman-roofing.com|
||||insulated roofing|Insulated Roofing Contractors|ircroof.com|
||||integral roofing and maintenance|Integral Roofing And Maintenance Services|integralroofing.co.uk|
||||integrity roofing &|Integrity Roofing & Construction|www.integrityrc.com|
||||integrity roofing & gutters|Integrity Roofing & Gutters|www.integrityroofingfl.com|
||||integrity roofing & painting|Integrity Roofing & Painting|www.integrityroofingandpainting.com|
||||interlock metal roofing|Interlock Metal Roofing|interlockroofing.com|
||||intermountain west contractors - roofing|Intermountain West Contractors - Roofing|iwcroofingutah.com|
||||interstate roofing|Interstate Roofing Company|www.interstateroofingco.com|
||||iowa roofing contractors association|IOWA ROOFING CONTRACTORS ASSOCIATION|iowaroofingcontractors.com|
||||ips|IPS (Compton)|www.ipscorp.com|
||||irish roofing & exteriors|Irish Roofing & Exteriors|www.irishroofs.com|
||||izzard roofing|Izzard Roofing Services|bedfordshire-focus.co.uk|
||||j & l welch roofing & paving|J & L Welch Roofing & Paving Services|jlwelchroofing.co.uk|
||||j & s roofing and bricklaying|J & S Roofing And Bricklaying Contractors|jandsroofing.co.uk|
||||j a territt roofing|J A Territt Roofing Services|jaterrittroofingaberdeen.co.uk|
||||j baguley roofing|J Baguley Roofing Services|jbaguleyroofing.co.uk|
||||j bullman & sons building & roofing|J Bullman & Sons Building & Roofing Contractors|unknown|
||||j p roofing|J P ROOFING SERVICES|jproofingservices.com|
||||j price roofing|J Price Roofing Contractors|jpricecontractor.com|
||||j&k roofing|J&K Roofing|jkroofing.com|
||||j&m contractors of south florida|J&m Contractors Of South Florida Inc. (Roofing Division)|roofpbc.com|
||||j&m roofing|J&M Roofing Services|jandmroof.com|
||||j. mcfarland roofing and general contractor|J. McFarland Roofing and General Contractor|jmcfarlandroofingandgeneralcontractorllc.net|
||||j.a.l roofing|J.A.L Roofing|jal-roofing.com|
||||j.g. roofing|J.G. Roofing|jgroofingohio.com|
||||j.o. fox & sons|J.O. Fox & Sons|unknown|
||||ja-mar roofing & sheet metal|Ja-Mar Roofing & Sheet Metal|www.jamarroofing.com|
||||jacksonville roofing|Jacksonville Roofing Contractors|jacksonvilleroofingcontractorsnc.com|
||||jacksonville roofing contractor emco roofing|Jacksonville Roofing Contractor Emco Roofing|jacksonvilleroofing.net|
||||jacobs roofing|Jacobs Roofing Services|jacobsroofingservices.com|
||||jamie roofing contractor|Jamie Roofing Contractor|jamieroofing.com|
||||janney roofing|Janney Roofing|www.janneyroofing.com|
||||jay's roofing|Jay's Roofing|jaysroofingwnc.com|
||||jay-mar roofing|Jay-Mar Roofing|jaymarroofingservices.co.uk|
||||jbk roofing|Jbk Roofing Services|jbkroofingservices.co.uk|
||||jbl roofing & building maintenance|Jbl Roofing & Building Maintenance Contractors|jblroofingservices.co.uk|
||||jbs roofing|Jbs Roofing Services|jbsroofingservices.com|
||||jc built roofing contractor poway|JC Built Roofing Contractor Poway|jcbuiltroofing.com|
||||jc roofing & building|Jc Roofing & Building Services (UK)|jcroofingandbuilding.com|
||||jcs roofing|Jcs Roofing Services|unknown|
||||jdl roofing|Jdl Roofing Services|jdlroofingservices.com|
||||je fournier chimney & roofing|JE Fournier Chimney & Roofing Contractors|jefournier.com|
||||jeff harris roofing|Jeff Harris Roofing Services|jeffharrisroofing.co.uk|
||||jf baker's sons roofing|JF Baker's Sons Roofing Contractors|jfbakerroofing.com|
||||jh roofing|Jh Roofing Services|jhroofingservices.co.uk|
||||jk pro roofing|JK PRO ROOFING|jkproroofing.com|
||||jl roofing|JL Roofing Contractors|jlroofing.net|
||||jlp roofing|Jlp Roofing Contractors|unknown|
||||jlr services southern|Jlr Services Southern|jlrservicesltd.co.uk|
||||jme roofing|Jme Roofing Services|jmeroofingservicesltd.co.uk|
||||jobba trade|Jobba Trade Technologies|www.jobba.com|
||||joe's roofing|JOE'S ROOFING|joesroofing.net|
||||john cossey roofing & maintenance|John Cossey Roofing & Maintenance Contractors|unknown|
||||john flowers|John Flowers|johnflowers.co.uk|
||||john hogan roofing|John Hogan Roofing|www.johnhoganroofing.com|
||||john minter roofing contractor &|John Minter Roofing Contractor & Construction|contractormedfordoregon.com|
||||john price roofing|John Price Roofing Contractors|roofingtelford.co.uk|
||||john turner roofing & building|John Turner Roofing & Building Services|unknown|
||||jolly roofing|Jolly Roofing|www.jollyroofing.com|
||||jonathan roberts roofing|Jonathan Roberts Roofing Contractors|shropshireroofing.com|
||||jtl roofing|Jtl Roofing Services|jtlroofing.com|
||||jtmp roofing|Jtmp Roofing Services|unknown|
||||julian roofing|Julian Roofing Services|julianroofing.co.uk|
||||jurin roofing|jurin roofing services|jurinroofing.com|
||||jurin roofing services inc. of florida|Jurin Roofing Services Inc. of Florida|jurinroofingflorida.com|
||||jw roofing|Jw Roofing Contractors|jwroofing.co.uk|
||||jw roofing services, warren cross roofing inc. dba|Jw Roofing Services, Warren Cross Roofing Inc. Dba|jwroofingservices.com|
||||jwm roofing and property|Jwm Roofing And Property Services|unknown|
||||k & m roofing and building|K & M Roofing And Building Services|kandmroofing.co.uk|
||||k & s roofing|K & S Roofing Contractors|unknown|
||||k humphries & sons roofing|K Humphries & Sons Roofing Contractors|khumphriesroofing.co.uk|
||||k r roofing & building|K R Roofing & Building Services|krroofingandbuildingltd.co.uk|
||||k waddington and sons roofing|K Waddington And Sons Roofing Contractors|kwaddingtonroofing.com|
||||k&m services roofing and|K&M Services Roofing and Construction|kmservicepro.com|
||||k. a. newman roofing|K. A. Newman Roofing Services|kanewman.co.uk|
||||k.a.s roofing|K.A.S Roofing|unknown|
||||k.n. tagdækning|K.N. Tagdækning|www.kntag.dk|
||||kairos roofing|Kairos Roofing|www.kairosroofingllc.com|
||||kalkreuth roofing & sheet metal|Kalkreuth Roofing & Sheet Metal|www.krsm.net|
||||karl terry roofing|Karl Terry Roofing Contractors|kentpegs.com|
||||katy's best roofing & siding|Katy's Best Roofing & Siding Services|bestsidingandroofing.com|
||||kbl roofing contractor|Kbl Roofing Contractor|kblroofingcontractor.com|
||||kellock roofing|Kellock Roofing Services|unknown|
||||kelly roofing|Kelly Roofing|www.kellyroofing.com|
||||kemp roofing|Kemp Roofing Contractors|unknown|
||||ken's parkhill roofing|Ken's Parkhill Roofing|www.parkhillroofing.com|
||||kennedy roofing services 1990|Kennedy Roofing Services 1990|kennedyroofingservices1990.com|
||||keystone commercial roofing|Keystone Commercial Roofing (Construction and Engineering)|www.keystonecommercialroofingnyc.com|
||||keystone roofing|Keystone Roofing Systems|keystoneroofingsystems.com|
||||kidd roofing|Kidd Roofing|www.kiddroof.com|
||||kilty roofing|Kilty Roofing Services|unknown|
||||king quality|King Quality|www.kingquality.com|
||||king roofing|King Roofing Services|kingroofingservices.co.uk|
||||king's roofing|King's Roofing|kingsroofing.net|
||||kingdom roofing|Kingdom Roofing Systems|www.kingdomroofingsystems.com|
||||kirkin exteriors|Kirkin Exteriors|www.kirkinroofing.com|
||||kirtley & sons roofing|Kirtley & Sons Roofing|kirtleyroofing.com|
||||klaus roofing|Klaus Roofing Systems|klausroofingsystems.com|
||||knight commercial|Knight Commercial|www.knightcommercial.com|
||||knight roofing|Knight Roofing|knightroofing.com|
||||kodiak roofing and waterproofing|Kodiak Roofing And Waterproofing|kodiakroofing.com|
||||l j teal roofing|L J Teal Roofing Services|unknown|
||||l oliver and son roofing|L Oliver And Son Roofing Contractors|loliverandson.co.uk|
||||l s roofing|L S Roofing Services|lhcroofing.co.uk|
||||l. hough building & roofing|L. Hough Building & Roofing Services|lhoughbrs.co.uk|
||||l. k. roofing|L. K. Roofing Services|lkroofingservices.co.uk|
||||l.i roofing|L.I Roofing|liroofing.co.uk|
||||l.i.d. roofing|L.I.D. Roofing|lidroofing.com|
||||l.t.c. roofing and building|L.T.C. Roofing And Building Services|cotswoldprivateoffice.co.uk|
||||lafayette roofing & general|Lafayette Roofing & General Contractors|lafayette-roofing.com|
||||lake champlain roofing|Lake Champlain Roofing|www.lakechamplainroofing.net|
||||lakeside roofing|Lakeside Roofing Company (Commercial services)|www.lakesideroofingco.com|
||||landmark roofing|Landmark Roofing Services|landmarkroofingexperts.com|
||||latite roofing and sheet metal|Latite Roofing and Sheet Metal|www.latite.com|
||||lavalion roofing and home|Lavalion Roofing and Home Services|lavalionroofing.com|
||||lavey roofing|Lavey Roofing Services|www.laveyroofingservices.com|
||||lc roofing|Lc Roofing Contractors|lc-roofing.com|
||||lee moore & sons roofing|Lee Moore & Sons Roofing Services|leemooreandsonsroofing.co.uk|
||||legacy roofing|Legacy Roofing (Commercial Services)|www.legacyoregon.com|
||||leicestershire roofing|Leicestershire Roofing Services|leicestershireroofingservices.com|
||||len's roofing|Len's Roofing|lensroofing.com|
||||lenaghen roofing|Lenaghen Roofing Services|lenaghenroofing.com|
||||leo's roofing|Leo's Roofing|www.leosroofingsf.com|
||||letner roofing|Letner Roofing|letner.com|
||||lewis bros roofing|Lewis Bros Roofing Contractors|lewisbrosroofing.co.uk|
||||lf roofing|Lf Roofing Services|lfroofingservices.co.uk|
||||lifetime quality|Lifetime Quality|www.lifetimequalityroofing.com|
||||lifetime roofing|Lifetime Roofing|www.lifetimeroofingla.com|
||||lindholm roofing|Lindholm Roofing|www.lindholmroofing.com|
||||lindsay roofing|Lindsay Roofing Contractors|unknown|
||||linear roofing & general|Linear Roofing & General Contractors|www.linearroofing.com|
||||lloyd roofing|Lloyd Roofing Company|lloydroofing.com|
||||lloyd roofing and|Lloyd Roofing and Construction|lloydroofingservices.com|
||||lloyd's quality roofing|Lloyd's Quality Roofing|lloydsqualityroofing.com|
||||local roofing|Local Roofing|www.local-roofing.com|
||||lockhart roofing and brickwork|Lockhart Roofing And Brickwork Services|lockhartroofingandbrickworkservices.co.uk|
||||long home products|Long Home Products|longhome.com|
||||louisiana roofing|Louisiana Roofing Contractors|www.lrcinfo.com|
||||lowden roofing|Lowden Roofing Contractors|unknown|
||||lr roofing|Lr Roofing Services|lrroofing-kent.com|
||||lrf roofing|Lrf Roofing Services|roofingleicesterlrf.co.uk|
||||lubbock roofing contractor|Lubbock Roofing Contractor|lubbockroofingcontractor.com|
||||lynch roofing|Lynch Roofing Services (Ballaghaderreen)|unknown|
||||lyon metal roofing|Lyon Metal Roofing|wesellmetalroofing.com|
||||m & c roofing|M & C Roofing Contractors|mcroofing.co.uk|
||||m & h building & roofing|M & H Building & Roofing Services|mhbuildingandroofingltd.com|
||||m b roofing|M B Roofing Services|mbroofingservices.com|
||||m cook & son roofing|M Cook & Son Roofing Contractors|mcookandsonroofingltd.co.uk|
||||m j daines roofing|M J Daines Roofing Services|unknown|
||||m j mcauley roofing|M J Mcauley Roofing Contractors|mcauleyroofing.co.uk|
||||m j sissons roofing|M J Sissons Roofing Services|mjsissonsroofingservices.com|
||||m marchant specialist lead roofing|M Marchant Specialist Lead Roofing Contractors|mmleadroofing.co.uk|
||||m thorp roofing|M Thorp Roofing Contractors|mthorproofing.co.uk|
||||m. henrickson flat roofing|M. Henrickson Flat Roofing Services|malcolmhenrickson.co.uk|
||||m. thompson roofing|M. Thompson Roofing Services|unknown|
||||m.a.r. roofing|M.A.R. Roofing Services|marroofing.co.uk|
||||m.a.t roofing|M.A.T Roofing|matroofing.co.uk|
||||m.a.v. roofing|M.A.V. Roofing|mav-roofing.com|
||||m.c roofing|M.C Roofing|mcroofingltd.co.uk|
||||m3 roofing contractors miami|M3 Roofing Contractors Miami|roofingfrommiami.com|
||||ma hooley|Ma Hooley (Roofing Contractors)|unknown|
||||mac roofing|Mac Roofing Services|macroofingservices.com|
||||maccabees roofing|Maccabees Roofing Contractors|maccabeesroofing.co.uk|
||||mahaney|Mahaney Group|www.mahaneygroup.com|
||||malarkey roofing|Malarkey Roofing Co|www.malarkeyroofing.com|
||||mallard roofing|Mallard Roofing Group|unknown|
||||malone roofing|Malone Roofing|www.ecmalone.com|
||||mammoth roofing|Mammoth Roofing Services|usmammoth.com|
||||manhattan roofing contractors nyc|Manhattan Roofing Contractors Nyc|manhattanroofingcontractorsnyc.com|
||||manning dakbedekking|Manning Dakbedekking|www.manning-dakbedekking.nl|
||||manny's roofing|Manny's Roofing|www.mannysroofing.com|
||||marathon roofing &|Marathon Roofing & Services|marathonroof.com|
||||marc richardson building|Marc Richardson Building Services|unknown|
||||mardel roofing|Mardel Roofing Contractors|mardelroofing.co.uk|
||||marios|Marios|www.mariosroofing.com|
||||mark & son roof and general contracting|Mark & Son Roof and General Contracting|www.markandsoninc.com|
||||mark game roofing contractor|Mark Game Roofing Contractor|markgameroofingltd.co.uk|
||||mark nelson 1st class roofing|Mark Nelson 1st Class Roofing Services|1stclassroofingservices.co.uk|
||||marley paul smith roofing|Marley Paul Smith Roofing Services|marleypaulsmithroofing.com|
||||marshels roofing|Marshels Roofing Contractors|marshels-roofing.co.uk|
||||martin roofing|Martin Roofing Services|www.martinroofingservices.com|
||||martin solar|Martin Solar|www.martinsolar.net|
||||martin-tomlinson roofing|Martin-Tomlinson Roofing|m-troofing.com|
||||massey|Massey Construction Group|www.masseyroofingservices.com|
||||master roofing|Master Roofing Services|masterroofingservices.com|
||||masters roofing|Masters Roofing (Other Commercial Services)|www.mastersroofinginc.com|
||||matt sears & sons roofing|Matt Sears & Sons Roofing Contractors|mattsearsroofing-torbay.co.uk|
||||max abraham|Max Abraham (Roofing Contractors)|maxabraham.co.uk|
||||max sontz roofing|Max Sontz Roofing Services|www.sontzroofing.com|
||||mba roofing|Mba Roofing Services|mbaroofing.co.uk|
||||mccoy's|McCoy's|www.mccoys.com|
||||mcdonald roofing|Mcdonald Roofing Contractors|mcdonaldroofing.co.uk|
||||mcenany roofing|Mcenany Roofing|mcenany.com|
||||mchale roofing|McHale Roofing|www.mchaleroofingfl.com|
||||mckinnis roofing & shtmtl|Mckinnis Roofing & Shtmtl|mckinnisroofing.com|
||||md contracting roofing & masonry|MD Contracting Roofing & Masonry|www.mdcontractingnj.com|
||||meade roofing|Meade Roofing Services|www.meaderoofingservices.com|
||||meades roofing|Meades Roofing Services (Widnes)|unknown|
||||meridian roofing|MERIDIAN ROOFING SERVICES|meridianroofingservices.com|
||||merriman roofing|Merriman Roofing Contractors|merrimanroofing.co.uk|
||||met-spec roofing|Met-Spec Roofing Services|metspec.co.uk|
||||metal roofing - piedmont roofing|Metal Roofing - Piedmont Roofing|piedmontroofing.com|
||||metro roofing & metal supply|Metro Roofing & Metal Supply|www.metroroofingsupply.com|
||||metroll|Metroll|www.metroll.com.au|
||||mg|Mg Construction (Hereford)|unknown|
||||michael j. bonaiuto, general roofing|MICHAEL J. BONAIUTO, GENERAL ROOFING CONTRACTORS|michaelbonaiutoroofing.com|
||||mid america roofing|Mid America Roofing|maroofing.com|
||||mid city roofing|Mid City Roofing Services|midcityroofingla.com|
||||mid west roofing contractors association|Mid West Roofing Contractors Association|mrca.org|
||||midamerica roofing|Midamerica Roofing|midamericaroofing.com|
||||midland roofing|Midland Roofing Services (Holdings)|roofingderby.com|
||||midland surfacing|Midland Surfacing|unknown|
||||midsouth construction, llc - commercial & residential roofing contractor|MidSouth Construction, LLC - Commercial & Residential Roofing Contractor|roofingbymidsouth.com|
||||midwest contractor|Midwest Contractor|www.midwest-contractor.com|
||||mighty dog roofing|Mighty Dog Roofing|www.mightydogroofing.com|
||||miller roofing|MILLER ROOFING SERVICES|millerroofingservices.com|
||||miller's roofing|Miller's Roofing Services|millersroofing.co.uk|
||||mills siding & roofing|Mills Siding & Roofing|www.millssidingandroofing.com|
||||mission valley roofing|Mission Valley Roofing|missionvalleyroofing.com|
||||mj's roofing and building|Mj's Roofing And Building Services|unknown|
||||mjb building surveying and roofing|Mjb Building Surveying And Roofing Services|unknown|
||||modern roofing|Modern Roofing|modernroofing.com|
||||modern roofing & restoration|Modern Roofing & Restoration|modernroofingtx.com|
||||monarch roofing - houston roofing & repair|Monarch Roofing - Houston Roofing & Repair|monarch-roofing.com|
||||moray roofing and building|Moray Roofing And Building Services|theitrefuge.co.uk|
||||morris roofing|Morris Roofing Contractors|morrisroofing.co.uk|
||||mount baker roofing|Mount Baker Roofing|mtbakerroofing.com|
||||mr. roofing|Mr. Roofing|mrroofing.net|
||||msb roofing|Msb Roofing Services|msbroofing.co.uk|
||||mueller|Mueller|www.muellerinc.com|
||||munz roofing and siding|Munz Roofing and Siding|www.munzroofing.com|
||||n. & h. roofing and general|N. & H. Roofing And General Contractors|unknown|
||||n.v. commercial roofing|N.V. Commercial Roofing|www.commercialroofingbronx.com|
||||nadco roofing|Nadco Roofing Services|nadcoroofing.co.uk|
||||national roofing|National Roofing Partners|www.nationalroofingpartners.com|
||||national roofing contractors trade show|National Roofing Contractors Trade Show|unknown|
||||nations roof|Nations Roof|www.nationsroof.com|
||||neligan construction & roofing|Neligan Construction & Roofing|www.neliganconstruction.net|
||||nelson roofing|Nelson Roofing Contractors|nelsonroofing.net.nz|
||||new process steel|New Process Steel|www.nps.cc|
||||new view roofing|New View Roofing Contractors|newviewroofingcontractors.co.uk|
||||newton roofing|Newton Roofing Services|www.newtonroofingservicesdsm.com|
||||nexgen solar & roofing|NexGen Solar & Roofing|nexgenroof.com|
||||next dimension roofing|Next Dimension Roofing|www.nextdimensionroofing.com|
||||next generation roofing|Next Generation Roofing Contractors|www.nextgrcroofing.com|
||||ng roofing|Ng Roofing Services|roofingnottingham.com|
||||nick brown|Nick Brown (Roofing Contractor)|nickbrownroofing.co.uk|
||||nick hayward roofing|Nick Hayward Roofing Services|unknown|
||||nitro roofing and|Nitro Roofing and Construction|nitroroofing.com|
||||no mess roofing & gutter|No Mess Roofing & Gutter Services|nomessguttersroofing.com|
||||noland's roofing|Noland's Roofing|www.nolandsroofing.com|
||||nor cal roofing|Nor Cal Roofing|www.norcalroofing.com|
||||nordic waterproofing holding|Nordic Waterproofing Holding|www.nordicwaterproofing.com|
||||normandy roofing|Normandy Roofing Services|normandyroofingservices.co.uk|
||||north american roofing|North American Roofing|www.naroofing.com|
||||north texas roofing contractors association|North Texas Roofing Contractors Association|ntrca.com|
||||north west roofing|North West Roofing|www.northwest-roofing.com|
||||north/east roofing contractors association|North/East Roofing Contractors Association|nerca.org|
||||northpoint roofing|Northpoint Roofing Systems|www.northpointroofingsystems.com|
||||northwest roofing supply|Northwest Roofing Supply (Roofing Division Assets)|www.roofingsupplygroup.com|
||||nra roofing & flooring|Nra Roofing & Flooring Services|nraroofing.co.uk|
||||nrc roofing and restoration|NRC Roofing and Restoration|www.nrc4help.com|
||||nu-tec roofing|Nu-Tec Roofing Contractors|nutecroofing.com|
||||o'hara's son roofing|O'Hara's Son Roofing|www.oharasson.com|
||||o'neal jr. roofing|O'Neal Jr. Roofing|onealjrroofing.com|
||||o.j. roofing|O.J. Roofing|ojroofingandcarpentry.co.uk|
||||oak roofing|Oak Roofing Services|oakroofing.co.uk|
||||oasis roofing|Oasis Roofing|www.oasisroofs.com|
||||oc roofing|Oc Roofing Contractors|unknown|
||||oklahoma roofing & sheet metal|Oklahoma Roofing & Sheet Metal|www.oklahomaroofing.com|
||||omnia roofing|OMNIA Roofing|omniaroofing.com|
||||on demand roofing and property|On Demand Roofing And Property Services|ondemandroofingandpropertyservices.co.uk|
||||on top roofing|On Top Roofing|www.ontoproofing.net|
||||one day roofing|One Day Roofing|www.onedayroofing.com|
||||oshkosh industrial roofing & sheetmetal|Oshkosh Industrial Roofing & Sheetmetal|www.oshkoshindustrial.com|
||||ozark roofing &|Ozark Roofing & Construction|ozarkroof.com|
||||p m p roofing|P M P Roofing Services|sitelift.website|
||||p m roofing|P M Roofing Contractors|unknown|
||||p s dean roofing|P S Dean Roofing Contractors|psdeanroofing.co.uk|
||||p s roofing|P S Roofing Contractors|psroofing.net|
||||p&r roofing|P&R Roofing Contractors|pandrroofing.com|
||||p.b. roofing|P.B. Roofing Services|pbroofing.co.uk|
||||p.duckworth roofing|P.Duckworth Roofing Services|middletonroofer.co.uk|
||||p.r. roofing|P.R. Roofing|pandrroofinginc.com|
||||paratex roofing &|ParaTex Roofing & Construction|paratexms.com|
||||park roofing|Park Roofing Contractors|park-roofing.co.uk|
||||patrick's roofing|Patrick's Roofing|patricksroofing.com|
||||pax|PAX Services Group|www.paxservicesgroup.com|
||||pb roofing|PB Roofing|www.pbroofingco.com|
||||peacock roofing-dallas roofing contractor|Peacock Roofing-dallas Roofing Contractor|peacockroofing.com|
||||peak roofing|Peak Roofing Partners|www.peakroofingpartners.com|
||||peak view roofing|Peak View Roofing|www.peakviewroofing.com|
||||pennsylvania roofing contractor|Pennsylvania Roofing Contractor|roofingcontractorspa.com|
||||perennial roofing|Perennial Roofing Contractors|perennialroofing.co.uk|
||||perimeter roofing|Perimeter Roofing|www.perimeterroofing.com|
||||perry roofing|Perry Roofing|www.perryroofing.com|
||||perry's roofing|Perry's Roofing|www.perryverroneroofing.com|
||||petersendean|PetersenDean|www.delphiforfun.org|
||||peterson roofing|Peterson Roofing (Roofing Services)|www.petersonroofingca.com|
||||phoenix commercial roofing|Phoenix Commercial Roofing|www.phoenixcommercialroofers.com|
||||phoenix roofing & building|Phoenix Roofing & Building Contractors|phoenixrc.co.uk|
||||pieros|Pieros Construction Co.|www.pierosroofing.com|
||||pink energy|Pink Energy|www.gopink.com|
||||pinkston tadd, inc. commercial & industrial roofing|Pinkston Tadd, Inc. Commercial & Industrial Roofing Services|pinkston-tadd.com|
||||pinnacle roofing|Pinnacle Roofing Contractors|www.pinnacleroofing.com|
||||pioneer roofing|Pioneer Roofing Systems|pioneerroofing.com|
||||pittman waller roofing|Pittman Waller Roofing Company|www.pittmanwaller.com|
||||pj smith roofing & building|Pj Smith Roofing & Building Services|ashbrookfunerals.co.uk|
||||pj's roofing|Pj's Roofing|pjsroofing.com|
||||platinum roofing|Platinum Roofing (Commercial Roofing)|www.platinumroofingmi.com|
||||pmr roofing|PMR Roofing|pmrroofing.com|
||||pnr roofing and building|Pnr Roofing And Building Services|unknown|
||||pnw roofing and remodeling|PNW Roofing and Remodeling|pnwroofingandremodeling.com|
||||port|Port Enterprises|www.portroofing.com|
||||portals plus|Portals Plus|www.portalsplus.com|
||||porter roofing|Porter Roofing Contractors|porter-roofing.com|
||||pr roofing|Pr Roofing Services|pr-roofing.co.uk|
||||precision roofing|Precision Roofing Systems|precisionroofingsystems.com|
||||precision roofing services of new england|Precision Roofing Services Of New England|roofinggloucester.com|
||||preferred roofing|Preferred Roofing Services (US)|www.preferredroofingservices.com|
||||premier roofing|Premier Roofing Services (Bristol)|premierroofingbristol.co.uk|
||||premier roofing & building|Premier Roofing & Building Services (Leeds)|premierroofingleeds.com|
||||premier roofing & siding|Premier Roofing & Siding Contractors|www.premierroofingandsiding.com|
||||premier specialist roofing|Premier Specialist Roofing Contractors|premier-src.co.uk|
||||prestige roofing|Prestige Roofing Contractors|prestigeroofingok.com|
||||priced-rite roofing|Priced-rite Roofing|pricedritenwi.com|
||||pride roofing|Pride Roofing Services, Inc.|prideroofs.com|
||||prime roofing|Prime Roofing (Commercial Roofing Services)|www.primeroofingmi.com|
||||priority roofing|Priority Roofing|priorityroofs.com|
||||pritchett's roofing|PRITCHETT'S ROOFING|pritchettsroofing.com|
||||pro roofing|pro roofing services|proroofingfl.com|
||||pro-fit roofing|Pro-Fit Roofing|pro-fitroofing.uk|
||||pro-pave surfacing|Pro-Pave Surfacing|setinstonedriveways.co.uk|
||||pro-shield roofing &|Pro-Shield Roofing & Construction|www.pro-shieldroofs.com|
||||pro-tec roofing|Pro-Tec Roofing|www.protecroofingsd.com|
||||pro-trust roofing|Pro-Trust Roofing|pro-trust-roofing.co.uk|
||||professional roofing|Professional Roofing Services|www.denniscookroofing.com|
||||profix roofing|Profix Roofing Services|profixroofingservices.co.uk|
||||proformance roofing|ProFormance Roofing|proformanceroofs.com|
||||progressive roofing|Progressive Roofing|www.progressiveroofing.us|
||||protech roofing|Protech Roofing Services|www.hernandoroofer.com|
||||prowest|ProWest|www.prowest.com|
||||pyramid roofing|Pyramid Roofing|www.pyramidroofing.com|
||||qph roofing|Qph Roofing Services|qphroofing.co.uk|
||||quality first roofing|Quality First Roofing (Florida)|www.qualityfirstroofingllc.com|
||||quality miami roofing|Quality Miami Roofing Services|qualitymiamiroofing.com|
||||quality roofing|Quality Roofing|qroof.com|
||||quality roofing contractor of|Quality Roofing Contractor Of|qualityroofingcontractors.com|
||||quality trusted commercial construction & roofing|Quality Trusted Commercial Construction & Roofing|www.qtcommercial.com|
||||quick roofing|Quick Roofing|www.quickroofing.com|
||||quinn roofing|Quinn Roofing Solutions|quinnsolutions.ca|
||||r & i construction roofing contractor|R & I Construction Roofing Contractor|roofero.com|
||||r & r roofing contractor|R & R Roofing Contractor|randrroofingri.com|
||||r bruce roofing contractor|R Bruce Roofing Contractor|unknown|
||||r p b building and roofing|R P B Building And Roofing Contractors|rpb-buildingandroofing.webeden.co.uk|
||||r payne roofing|R Payne Roofing Services|mdpayneroofing.co.uk|
||||r s purdey roofing|R S Purdey Roofing Contractors(Haslemere)|rspurdeyroofingweybridge.co.uk|
||||r&c roofing contractors hawaii|R&C Roofing Contractors Hawaii|roofinspectionhawaii.com|
||||r. foy roofing|R. Foy Roofing Services|unknown|
||||r. t. roofing|R. T. Roofing Services|rtroofingservices.co.uk|
||||r. w. dawson|R. W. Dawson (Roofing Contractors)|rwdawsonroofing.co.uk|
||||r.adams roofing|R.Adams Roofing|radamsroofing.com|
||||r.f. watters roofing and building|R.F. Watters Roofing And Building Contractors|rfwatters.co.uk|
||||r.l.lovatt limited roofing|R.L.LOVATT LIMITED ROOFING CONTRACTORS|rllovatt.com|
||||r1 roofing|R1 Roofing Services|r1roofingservices.com.au|
||||ra walker roofing|Ra Walker Roofing Services|rawalkerroofing.co.uk|
||||rackley roofing|Rackley Roofing|www.rackleyroofing.com|
||||radnor|Radnor Group Holdings|www.radnorroofing.com|
||||raftr roofing + exteriors|RAFTR Roofing + Exteriors|www.raftrxroofing.com|
||||rain man roofing & waterproofing|Rain Man Roofing & Waterproofing Services|rainmanroofing.com|
||||rainbow roofing and building|Rainbow Roofing And Building Services|rainbowroofing.co.uk|
||||rational roofing|Rational Roofing Services|rationalroofingservices.com|
||||rayco roofing|Rayco Roofing Contractors|raycoroofing.com|
||||rcat - roofing contractors association of texas|Rcat - Roofing Contractors Association Of Texas|roofingcontractors-texas.com|
||||rch roofing|Rch Roofing Services|unknown|
||||rci roofing supply|RCI Roofing Supply Company|www.rciroofingsupply.com|
||||rcl|Rcl Contractors|rclcontractors.co.uk|
||||rcrt roofing contractors designated activity|Rcrt Roofing Contractors Designated Activity Company|unknown|
||||react roofing|React Roofing Services|reactroofingservices.co.uk|
||||ready roofing & solar|Ready Roofing & Solar|goreadysolar.com|
||||reclamation roofing|Reclamation Roofing (formerly Jack's Roofing)|reclamationroofing.com|
||||redclad roofing|Redclad Roofing Services|redcladroofing.co.uk|
||||register roofing|Register Roofing|www.registerroofing.com|
||||reliant roofing|Reliant Roofing|www.reliantroofing.com|
||||remedy roofing|Remedy Roofing|www.remedyroofing.com|
||||renaissance historic exteriors|RENAISSANCE HISTORIC EXTERIORS|www.historicexteriors.com|
||||renco roofing|RENCO Roofing|rencoroofing.com|
||||renown roofing and|Renown Roofing and Construction|www.renownconstruction.com|
||||rescom roofing|ResCom Roofing|rescomva.com|
||||results roofing|Results Roofing|www.resultsroofing.com|
||||revolution|Revolution Contractors|www.revolutioncontractors.com|
||||rich's roofing|Rich's Roofing|richsroofing.com|
||||richmond va roofing|Richmond VA Roofing|richmondvaroofing.com|
||||ricks main roofing|Ricks Main Roofing|ricksmainroofing.com|
||||ridgeline roofing & restoration|Ridgeline Roofing & Restoration (Odenville)|www.ridgeline-roofing.com|
||||right way roofing|Right Way Roofing|www.therightwayroofing.com|
||||right-hand roofing|Right-Hand Roofing|right-handroofing.com|
||||right-on roofing|Right-on Roofing|rightonroofinginc.com|
||||rike roofing|Rike Roofing Services|rikeroofing.com|
||||rise up roofing|Rise Up Roofing|unknown|
||||rising star roofing|Rising Star Roofing|www.risingstarroofing.com|
||||rm&s roofing|Rm&S Roofing Services|rmandsroofingservices.co.uk|
||||rml roofing contractor|RML Roofing Contractor|www.rmlfs.co.uk|
||||roadrunner roofing supply|Roadrunner Roofing Supply|www.roadrunnerroofingsupply.com|
||||robin's roofing|Robin's Roofing|robinsroofingservices.com|
||||robinson|Robinson (Machinery)|www.robinsoninc.com|
||||robinsons roofing|Robinsons Roofing Contractors|unknown|
||||robinwill roofing & building|Robinwill Roofing & Building Services|robinwill.co.uk|
||||rock roofing|Rock Roofing Contractors|unknown|
||||rocky mountain roofing|ROCKY MOUNTAIN ROOFING SERVICES|rockymountainrfg.com|
||||roman roofing|Roman Roofing|www.romanroofing.com|
||||roman's roofing|Roman's Roofing|romansroofingnc.com|
||||ron crow & son roofing|Ron Crow & Son Roofing Contractors|roncrowroofing.com|
||||roof|Roof Services (New York)|www.roofservices.com|
||||roofco|Roofco (Other Commercial Services)|www.roofco-inc.com|
||||roofer.com|Roofer.com|www.roofer.com|
||||roofing|Roofing Solutions.|www.roofingsolutionstn.com|
||||roofing & reconstruction contractors of america|Roofing & Reconstruction Contractors Of America|www.rrcausa.com|
||||roofing & repair|Roofing & Repair Services|roofingandrepairservices.com|
||||roofing - flagstone roofing & exteriors|Roofing - Flagstone Roofing & Exteriors|flagstoneroofing.com|
||||roofing and supplies|Roofing And Supplies|www.roofingandsupplies.com|
||||roofing by curry|Roofing by Curry|roofingbycurry.com|
||||roofing cladding & felting|Roofing Cladding & Felting Services|rcfroofingservices.com|
||||roofing contracto-the cool roofing|Roofing Contracto-the Cool Roofing|thecoolroofingcompany.com|
||||roofing contractor|Roofing Contractor|roofingcontractor.com|
||||roofing contractor ads|Roofing Contractor Ads|roofingcontractorads.com|
||||roofing contractor fort wayne|Roofing Contractor Fort Wayne|roofingcontractorfortwayne.com|
||||roofing contractor marketing|Roofing Contractor Marketing|roofingcontractormarketing.com|
||||roofing contractors association of hawaii|ROOFING CONTRACTORS ASSOCIATION OF HAWAII|rcah.org|
||||roofing contractors association of washington|Roofing Contractors Association of Washington|rcaw.com|
||||roofing contractors knoxville tn|Roofing Contractors Knoxville Tn|roofingcontractorsknoxvilletn.net|
||||roofing contractors network|roofing contractors network|roofingcontractorsnetwork.net|
||||roofing contractors of texas|Roofing Contractors of Texas|roofingcontractorsugarland.com|
||||roofing corp of america|Roofing Corp of America (Atlanta)|www.roofingcorp.com|
||||roofing king|Roofing King|www.roofingking.com|
||||roofing master contractor|Roofing Master Contractor|roofingmastercontractor.com|
||||roofing products & building supply|Roofing Products & Building Supply|www.rfgproducts.com|
||||roofing repair contractors paterson nj|Roofing Repair Contractors Paterson Nj|jcbrothersconstruction.com|
||||roofing services midland|Roofing Services Midland|roofingservicesmidlandltd.co.uk|
||||roofing services now|Roofing Services Now|roofingservicesnow.com|
||||roofing services of new england|Roofing Services of New England|www.roofingservicesofnewengland.com|
||||roofing siding gutter|ROOFING SIDING GUTTER CONTRACTORS|rsgcroofing.net|
||||roofing solutions &|Roofing Solutions & Services|unknown|
||||roofing supply|Roofing Supply Group|www.rsgroof.com|
||||roofing technical|Roofing Technical Services|roofingtechnical.com|
||||roofing trade|ROOFING TRADE SERVICES|roofingtradeservices.co.uk|
||||roofix roofing|Roofix Roofing|roofixtx.com|
||||roofline developments|Roofline Developments|rooflinedevelopments.co.uk|
||||roofs by nicholas|Roofs By Nicholas|www.roofsbynicholas.com|
||||rooftek roofing supplies|Rooftek Roofing Supplies|unknown|
||||roofwise roofing|Roofwise Roofing Services|coastbusiness.co.uk|
||||roque's roofing|ROQUE'S ROOFING|roquesroofing.com|
||||roscoe roofing|Roscoe Roofing Services|roscoeroofingservices.business.site|
||||roseberry roofing|Roseberry Roofing|roseberryroofing.co.uk|
||||ross roofing|Ross Roofing Contractors|rossroofingcontractors.co.uk|
||||rossetta's roofing|Rossetta's Roofing|rossettasroofing.com|
||||roundway roofing|Roundway Roofing Contractors|roundwayroofing.co.uk|
||||royal american|Royal American Services|www.rasroofs.com|
||||royalty roofing|Royalty Roofing|www.royaltyroofing.com|
||||rs roofing|Rs Roofing Services|rs-roofing.co.uk|
||||rsi building products|RSI Building Products|www.rsibp.com|
||||rtc roofing|Rtc Roofing Contractors|rtcroofingcontractors.co.uk|
||||rti roofing|RTI Roofing Services|www.rtiservicesinc.com|
||||rva roofing|RVA ROOFING SERVICES|rvaroofingservices.com|
||||s & j roofing|S & J Roofing Services|cjroofing.co.uk|
||||s g elliott roofing|S G Elliott Roofing Contractors|unknown|
||||s r roofing|S R Roofing Services (Abersoch)|srroofingservices.co.uk|
||||s t l roofing|S T L Roofing Services|unknown|
||||s v roofing|S V Roofing Services|svroofingservicesltd.co.uk|
||||s.e.m. roofing|S.E.M. Roofing|unknown|
||||s.j. wilson|S.J. Wilson (Roofing Contractors)|unknown|
||||saffron walden roofing|Saffron Walden Roofing Contractors|saffronwaldenroofingservices.co.uk|
||||samurai roofing|Samurai Roofing Services|samurairoofingservices.com|
||||san francisco roofing|San Francisco Roofing Services|www.sfroofingservices.com|
||||sandbach roofing|Sandbach Roofing Contractors|sandbachroofing.com|
||||sb roofing|Sb Roofing|sbroofing.com|
||||sbp roofing|Sbp Roofing Services|unknown|
||||scaffolding and roofing|Scaffolding And Roofing Services|thtscaffolding.co.uk|
||||schoen's roofing|Schoen's Roofing|schoensroofing.com|
||||schultz roofing supply|Schultz Roofing Supply|www.schultzroofingsupply.com|
||||sci roofing|SCI Roofing Services|www.sciroofingservices.com|
||||scott roofing contractor|Scott Roofing Contractor|scottroofingcontractor.com|
||||scott thornton roofing|Scott Thornton Roofing Contractors|scottthorntonroofingcontractors.co.uk|
||||scott's roofing|Scott's Roofing (Roofing service)|www.scottsroofingcolorado.com|
||||scozzari roofing|Scozzari Roofing Services|www.roofservicesconsulting.com|
||||scs roofing|Scs Roofing Services|scsroofing.co.uk|
||||select roofing|Select Roofing Services|selectroofsatl.com|
||||sequoia insulation|Sequoia Insulation|www.sequoia-ins.com|
||||sergio lopez roofing|Sergio Lopez Roofing Services|sergiolopezroofingservices.com|
||||seven hills roofing|Seven Hills Roofing Contractors|www.sevenhillsroofing.com|
||||sha contractor roofing and guttering|Sha Contractor Roofing And Guttering|unknown|
||||shakespeare roofing and building|Shakespeare Roofing And Building Contractors|shakespeareroofing.co.uk|
||||shamrock roofing|Shamrock Roofing Services|shamrockroofingservices.com|
||||shellis roofing|Shellis Roofing Services|shellisroofing.co.uk|
||||sheridan roofing & building|Sheridan Roofing & Building Services|sheridanroofingandbuilding.com|
||||sherwood roofing|Sherwood Roofing Contractors|sherwoodroofing.co.uk|
||||shingle hut complete roofing|shingle hut complete roofing services|shinglehutroofing.com|
||||shingle masters roofing &|SHINGLE MASTERS ROOFING & CONSTRUCTION SERVICES|shingle-masters.com|
||||showtime roofing|Showtime Roofing|showtimeroofing.com|
||||sidcup roofing|Sidcup Roofing Services|sidcuproofing.co.uk|
||||sig|SIG|www.sigplc.com|
||||signal & hobbs - roofing & cladding|Signal & Hobbs - Roofing & Cladding Contractors|sighob.com.au|
||||signature roofing|Signature Roofing|signature-roofing.com|
||||simon roofing|Simon Roofing|simonroofing.com|
||||simpson dennis roofing|Simpson Dennis Roofing Services|simpsondennis-roofing.co.uk|
||||single ply structures|Single Ply Structures|spsflatroofing.co.uk|
||||sj roofing|Sj Roofing Services|sj-roofing.co.uk|
||||sjb roofing|Sjb Roofing Services|sjbroofing.com.au|
||||skyline roofing|Skyline Roofing Partners|www.skylineroofingpartners.com|
||||skyline roofing & sheet metal|Skyline Roofing & Sheet Metal Company|www.skylineroofing.net|
||||skymark roofing|Skymark Roofing|www.skymarkroofing.com|
||||skyview roofing|Skyview Roofing (Commercial Services)|www.skyviewroofingmcallen.com|
||||slate roofing contractor|Slate Roofing Contractor|slateroofing.com|
||||slate roofing contractors association of north america|SLATE ROOFING CONTRACTORS ASSOCIATION OF NORTH AMERICA|slateroofers.org|
||||smc roofing|SMC Roofing Solutions|unknown|
||||snyder roofing & shtmtl|Snyder Roofing & Shtmtl|snyder-builds.com|
||||solar educational events|Solar Educational Events (American Contractor / ContractorCoachPRO / Solar Integrated Roofing)|unknown|
||||solid roofing|Solid Roofing Services|solidroofingservices.co.uk|
||||solis roofing|Solis Roofing Contractors|solisroofingcontractorsinc.com|
||||solvikin kattohuolto|Solvikin Kattohuolto|www.solvikinkattohuolto.fi|
||||sorensen roofing and exteriors|Sorensen Roofing and Exteriors|www.sorensengc.com|
||||soto roofing|Soto Roofing Services|sotoroofingservices.com|
||||south east roofing|South East Roofing Services|southeastroofing.co.uk|
||||southeastern roofing|Southeastern Roofing|www.southeasternroofing.com|
||||southern counties roofing|SOUTHERN COUNTIES ROOFING CONTRACTORS|southerncountiesroofing.com|
||||southern premier roofing|Southern Premier Roofing|southernpremierroofing.com|
||||southern roofing|Southern Roofing Company|www.srctn.com|
||||southern roofing & exteriors|Southern Roofing & Exteriors|www.southernroofingandexteriors.com|
||||southern roofing and renovations|Southern Roofing and Renovations|www.southernrnr.com|
||||span roofing|SPAN ROOFING CONTRACTORS|spanroofing.com|
||||spann roofing & sheet metal|Spann Roofing & Sheet Metal|spannroofing.com|
||||specialty roofing|Specialty Roofing|www.specialty-exteriors.com|
||||spencer roofing|Spencer Roofing Services|spencerroofingservices.co.uk|
||||spg roofing & exteriors|SPG roofing & exteriors|www.spgroof.com|
||||sph roofing|Sph Roofing Contractors|sphroofing.co.uk|
||||springfield|Springfield (Commercial Roofing & Transport Services)|springfieldroof.com|
||||sps roofing|Sps Roofing Contractors|unknown|
||||srs distribution|SRS Distribution|www.srsdistribution.com|
||||ss roofing|Ss Roofing Services|ssroofingltd.co.uk|
||||standard roofing|Standard Roofing Company|standardroofingva.com|
||||starmark|Starmark|www.starmarkroofing.com|
||||statewide roofing|Statewide Roofing|www.swroof.com|
||||stellar roofing and home|Stellar Roofing and Home|stellarroofing.com|
||||stephen richardson roofing|Stephen Richardson Roofing Services|unknown|
||||sterling commercial roofing|Sterling Commercial Roofing|www.sterlingroofing.com|
||||sterry roofing|Sterry Roofing Services|sterryroofing.co.uk|
||||stonebridge roofing|Stonebridge Roofing|stonebridge-roofing.com|
||||stonegrove roofing|Stonegrove Roofing Partners|www.stonegroveroofing.com|
||||storm guard|Storm Guard|www.stormguardrc.com|
||||storm plumbing & roofing|Storm Plumbing & Roofing Services|unknown|
||||stout roofing|Stout Roofing|stoutroofing.com|
||||stratus construction & roofing|Stratus Construction & Roofing|www.stratusroofing.com|
||||streamline roofing|Streamline Roofing Services|fairfieldroofingcompany.com|
||||strength roofing & siding|Strength Roofing & Siding|www.strengthroofingandsiding.com|
||||strictly roofing|Strictly Roofing|strictlyroofing.com|
||||stripes roofing|Stripes Roofing|www.stripesroofing.com|
||||style roofing|Style Roofing, Inc|styleroofing.com|
||||sullivan & fortner roofing|Sullivan & Fortner Roofing|sullivanfortner-roofs.com|
||||sully-jones roofing|Sully-Jones Roofing|sully-jones.com|
||||summit commercial roofing|Summit Commercial Roofing|www.summitcommercialroofing.com|
||||summit roofing|Summit Roofing Services|summitroofingservices.com|
||||summit roofing & cladding|Summit Roofing & Cladding Services|claddingservices.com|
||||sun coast roofing|Sun Coast Roofing Services|brevardcountyroofer.com|
||||sunnyside roofing|Sunnyside Roofing Services|sunnysideroofingservices.com|
||||sunrise roofing|SUNRISE ROOFING SERVICES|sunriseroofingservices.com|
||||super dry roofing & building|Super Dry Roofing & Building Services|superdryroofing.com|
||||superior roofing|Superior Roofing|www.superiorroofing.com|
||||supreme roofing|Supreme Roofing Services|supreme-roofing.com|
||||supreme roofing &|Supreme Roofing & Construction|www.officialsupreme.com|
||||sure thing roofing contractor|Sure Thing Roofing Contractor|surethingroofingcontractor.com|
||||sure-tite roofing|Sure-Tite Roofing|suretiteroofs.com|
||||sutter roofing|Sutter Roofing|www.sutterroofing.com|
||||sv roofing|SV Roofing.|www.sv-roofing.com|
||||swift roofing|Swift Roofing Services|swiftroofingservices.co.uk|
||||t & s roofing|T & S Roofing|tsroofingandbuilding.co.uk|
||||t drake roofing|T Drake Roofing Services|tdrakeroofing.co.uk|
||||t peel roofing|T Peel Roofing Contractors|tpeelroofing.co.uk|
||||t&j ottewill roofing|T&J Ottewill Roofing Contractors|unknown|
||||taft roofing|TAFT ROOFING|taft-roofing.com|
||||tall ridge roofing|Tall Ridge Roofing Services|tallridgeroofing.co.uk|
||||talley's roofing|TALLEY'S ROOFING CO.|talleysroofing.com|
||||tamko building products|Tamko Building Products|www.tamko.com|
||||tandragee roofing company & building|Tandragee Roofing Company & Building Services|roofingcontractorcraigavon.co.uk|
||||tarrant roofing|Tarrant Roofing|tarrantroofing.com|
||||taylor plastering, building and roofing|Taylor Plastering, Building And Roofing Services|unknown|
||||taylor roofing|Taylor Roofing Contractors|www.taylorroofingltd.co.uk|
||||taylors roofing|Taylors Roofing Contractors|taylorsroofing.co.uk|
||||team-d property|Team-D Property Services|unknown|
||||technodak|Technodak|www.technodak.nl|
||||tecta america|Tecta America|www.tectaamerica.com|
||||tectum roofing|Tectum Roofing|www.weroof.com|
||||tek-line roofing|Tek-line Roofing|teklineroofing.com|
||||templar roofing|Templar Roofing Services|templarroofing.co.uk|
||||tenholder roofing and|Tenholder Roofing And Construction Services|tenholderroofing.com|
||||tg roofing|Tg Roofing Services|tg-roofing-services.business.site|
||||tgc roofing and building|Tgc Roofing And Building Services|unknown|
||||the castle|The Castle Services|www.thecastleservices.com|
||||the national federation of roofing|The National Federation Of Roofing Contractors|nfrc.co.uk|
||||the roofing & remodeling|The Roofing & Remodeling Company|theroofingcompany.com|
||||thomas jefferson roofing & remodeling|Thomas Jefferson Roofing & Remodeling|www.thomasjeffersonroofing.com|
||||thompsons slate & tile roofing|Thompsons Slate & Tile Roofing Contractors|thompsonroofingtorquay.co.uk|
||||tidewater roofing|Tidewater Roofing|tidewaterroofing.com|
||||tilehurst roofing|Tilehurst Roofing Contractors|berkshireandreadingroofing.co.uk|
||||titan roofing|Titan Roofing (Commercial Services)|www.commercialroofingtitans.com|
||||tjs roofing and property|Tjs Roofing And Property Services|unknown|
||||tmj|TMJ Construction Services|www.tmjconstructionservices.com|
||||tony g. harris & sons building contractor|Tony G. Harris & Sons Building Contractor|tghandsons.com|
||||tony mccorisken roofing and building|Tony Mccorisken Roofing And Building Services|tonymccoriskenroofing.co.uk|
||||top line roofing|Top Line Roofing Contractors|toplineroofingcontractors.com|
||||top tower roofing service|Top Tower Roofing Service|www.toptowerroofingservice.com|
||||torres-boren roofing|Torres-boren Roofing|torresborenroofing.com|
||||total home roofing|Total Home Roofing|www.throofing.com|
||||total roofing|Total Roofing Contractors|totalroofing.net|
||||total roofing &|Total Roofing & Construction Services|trc-inc.com|
||||total systems roofing|Total Systems Roofing|www.totalsystemsroofing.com|
||||tough as nails roofing|Tough As Nails Roofing Contractors|toughasnailscontractors.com|
||||town & country roofing|Town & Country Roofing Services|unknown|
||||townsend roofing and|Townsend Roofing and Construction Services|townsendroofing.com|
||||tradesmen building roofing|Tradesmen Building Roofing Services|tradesmenbuildingroofing.co.uk|
||||transformation roofing & home|Transformation Roofing & Home Services|transformationroofing.com|
||||tri state aluminum products of wisconsin|Tri State Aluminum Products of Wisconsin|unknown|
||||tri state roofing|Tri State Roofing Contractors|www.tstateroofing.com|
||||tri-c roofing supply|Tri-C Roofing Supply|unknown|
||||tri-cities roofing|Tri-Cities Roofing|tri-cities-roofing.com|
||||tri-town roofing|Tri-Town Roofing|tritownroofing.com|
||||triad|Triad|www.triadfirst.com|
||||triad roofing|Triad Roofing Services|triadroofingservices.com|
||||triangle roofing|Triangle Roofing Services|triangleroof.com|
||||tridom roofing|Tridom Roofing|www.tridomroofing.com|
||||trinity restoration and roofing|Trinity Restoration and Roofing|trinityrestorationfl.com|
||||triskell|Triskell|triskellproducts.co.uk|
||||triumph roofing - charlotte top roofing|Triumph Roofing - Charlotte Top Roofing Company|triumphroofingcharlotte.com|
||||tropical roofing|Tropical Roofing Services|www.tropicalroofingflorida.com|
||||trp roofing products|TRP Roofing Products|www.tropicalroofingproducts.com|
||||true metal|True Metal Solutions|www.truemetalsolutions.com|
||||trusspoint roofing & exterior renovations|TrussPoint Roofing & Exterior Renovations|trusspt.com|
||||ts roofing|Ts Roofing Services|unknown|
||||tudor roofing|Tudor Roofing|tudorroofingspecialists.com|
||||turner roofing & sheet metal|Turner Roofing & Sheet Metal|www.turnerroofing.com|
||||turpin roofing|Turpin Roofing Contractors|turpinroofing.co.uk|
||||tuscano-maher roofing|Tuscano-Maher Roofing|www.tmrroofing.com|
||||tz roofing|TZ ROOFING CONTRACTORS|tz-roofing.com|
||||u.s. roofing|U.S. Roofing|us-roofing.com|
||||unified service|Unified Service Partners|www.unifiedservicepartners.com|
||||united contractors roofing|United Contractors Roofing|myrtle-beach-roofing.com|
||||united roofing|United Roofing|www.unitedroofingdc.com|
||||united roofing &|United Roofing & Construction Services|www.unitedroofingservices.com|
||||united roofing supply|United Roofing Supply|www.unitedroofingsupplytx.com|
||||urena roofing & contractor|Urena Roofing & Contractor|urenaroofing.com|
||||us prime roofing|US Prime Roofing|usprimeroofing.com|
||||us roofing|US Roofing|www.usroofing505.com|
||||valentine roofing|Valentine Roofing|valentineroof.com|
||||vanity roofing - ottawa roofing|Vanity Roofing - Ottawa Roofing Company|vanityroofing.ca|
||||vbr roofing|VBR Roofing|vbrroofing.com|
||||venture roofing & building supply|Venture Roofing & Building Supply|vrbsupply.com|
||||vermont roofing|VERMONT ROOFING CO|vermontroofing.com|
||||vertex roofing|Vertex Roofing Contractors|vertexroofinc.com|
||||vertical roofing|Vertical Roofing|verticalroofing.com|
||||vezer's roofing|Vezer's Roofing|www.rooferfairfield.com|
||||vigilante & family roofing|Vigilante & Family Roofing Services|vigilanteroofing.com|
||||virginia pro roofing|Virginia Pro Roofing|virginiaproroofing.com|
||||virginia roofing|Virginia Roofing Corporation|varoofing.com|
||||vision building and roofing|Vision Building And Roofing Services|visionbuilding-services.co.uk|
||||vision-on roofing|Vision-On Roofing Services|visiononroofing.co.uk|
||||vjr roofing|Vjr Roofing Services|roofing-in-leeds.co.uk|
||||volsen ltd - commercial roofing|Volsen Ltd - Commercial Roofing Services|volsen.co.uk|
||||w carpenter & son roofing contractor|W Carpenter & Son Roofing Contractor|wcarpenterandsonroofingcontractor.co.uk|
||||w h building and roofing|W H Building And Roofing Services|unknown|
||||w.e. brown roofing|W.E. Brown Roofing|www.webrownroofing.com|
||||wager contracts|Wager Contracts|flatrooferromford.co.uk|
||||wagner roofing &|Wagner Roofing & Construction Solutions|www.trustwagner.com|
||||warren roofing & insulating|Warren Roofing & Insulating|www.warrenroofing.com|
||||washington roofing|Washington Roofing Services|waroofingservices.com|
||||wayman roofing|Wayman Roofing Services|waymanroofing.co.nz|
||||wayne's roofing|Wayne's Roofing|www.waynesroofing.com|
||||weald roofing|Weald Roofing Services|wealdroofingservicesltd.co.uk|
||||weather shield roofing|Weather Shield Roofing Systems|weathershieldusa.com|
||||weatherguard roofing|WeatherGuard Roofing (Real Estate Services)|unknown|
||||weathermaster roofing|Weathermaster Roofing Services|weathermasterroofingservices.com|
||||weathershield roofing & sheetmetal|WeatherShield Roofing & Sheetmetal|www.weathershieldroofs.com|
||||weathershield roofing and building|Weathershield Roofing And Building Contractors|weathershield-ltd.co.uk|
||||weathertight roofing|Weathertight Roofing (Commercial Services)|www.weathertight.co.uk|
||||weathertite roofing|Weathertite Roofing Services|unknown|
||||weddle & sons|Weddle & Sons|www.weddleandsons.com|
||||welwood special projects|Welwood Special Projects|welwood.co.uk|
||||west county roofing &|West County Roofing & Construction|www.westcountyroof.com|
||||west orange roofing|West Orange Roofing|www.westorangeroofing.com|
||||west roofing|West Roofing (Other Commercial Services)|www.westroofing.com|
||||westchase roofing|Westchase Roofing Services|westchaseroofing.com|
||||western states roofing contractors association|Western States Roofing Contractors Association|wsrca.com|
||||western summit roofing|Western Summit Roofing Contractors|westernsummitroofing.com|
||||western timber and building supplies|Western Timber and Building Supplies|www.wtbsbuildingsuppliesltd.co.uk|
||||westfall roofing|Westfall Roofing|www.westfallroofing.com|
||||westlake davinci roofscapes|Westlake DaVinci Roofscapes|www.davinciroofscapes.com|
||||wheeler roofing|WHEELER ROOFING SERVICES|wheelerroofingservices.net|
||||whitaker roofing|Whitaker Roofing|www.whitakerroofing.com|
||||whitco roofing|Whitco Roofing Inc.|whitcoroofing.com|
||||white roofing|White Roofing Services|whiteroofingservices.com|
||||wicks roofing|Wicks Roofing|www.wicksroofing.com|
||||willi roofing|Willi Roofing Services|williroofing.com|
||||wilsey roofing|Wilsey Roofing|wilseyroofing.com|
||||wm. green roofing|Wm. Green Roofing|wmgreenroofing.ca|
||||wooster roofing &|Wooster Roofing & Construction Company|www.woosterroof.com|
||||wormley brothers|Wormley Brothers Enterprises|www.wormleybrothers.com|
||||worthmann roofing|Worthmann Roofing|www.worthmannroofing.com|
||||wrights roofing|Wrights Roofing Services|wrightsroofingservices.com|
||||wrps|Wrps Group|wrpsltd.co.uk|
||||yellowhammer roofing|Yellowhammer Roofing|yellowhammerroofing.com|
